,beta,alpha_ols,infomax_q1,mae_q1/2,mse_q1/3,powerlaw_q1
c4,0.5596026223512884,-1.562534507675033,0.6680260569374844,1.3447171631303698,2.5202699287311052,0.2738202056688125
dclm-baseline-25p-dolma1.7-75p,1.104365980876023,-1.5130277401356012,0.6343657534215981,1.4491749140822205,2.690933599823983,0.3068825963871469
dclm-baseline-50p-dolma1.7-50p,0.8409736804967898,-1.5408168089257954,0.6330909446577655,1.4097684357145774,2.6128181128154893,0.2878612394916925
dclm-baseline-75p-dolma1.7-25p,0.739104147351041,-1.576955554372505,0.6315834722458173,1.3624472857037895,2.521423024820139,0.2648771199555252
dclm-baseline-qc-10p,0.6596206669747359,-1.6142139923644727,0.571525079819666,1.3268923004380198,2.4488057385676445,0.2431005870709858
dclm-baseline-qc-20p,0.556459490131696,-1.6060036352867304,0.6017140658188168,1.334486550424088,2.456982254101949,0.2477401320317446
dclm-baseline-qc-7p-fw2,0.6643708681982778,-1.6633735574027269,0.6481424988140366,1.267525609238887,2.2755534698662587,0.21708331384374913
dclm-baseline-qc-7p-fw3,0.5454917513312374,-1.71927632481794,0.6646323119907411,1.2076730530250792,2.132150564418339,0.1908638479145132
dclm-baseline-qc-fw-10p,0.6685680375482737,-1.7230309513222275,0.6703770654880703,1.2009047323384714,2.1205101786543037,0.18922087598049675
dclm-baseline-qc-fw-3p,0.5245300446142526,-1.7306960659829065,0.6750836115205905,1.1953771219109155,2.101163280910042,0.1859105064750012
dclm-baseline,0.5907517122889401,-1.596472550006821,0.6320611321971679,1.3404273056851574,2.473617256266105,0.2532371691168611
dolma1_6plus,1.0720737554755737,-1.4290428295012545,0.6454448021327424,1.594156483436321,2.9619810734302203,0.37235498332740846
dolma1_7-no-code,0.7813433757187467,-1.568886108722566,0.6464458156513077,1.3545186964920157,2.5376223785080843,0.26984469921621823
dolma1_7-no-flan,0.9873087946074952,-1.476348278712925,0.635976857862248,1.5055372378791818,2.802457399126781,0.3339271426303635
dolma1_7-no-math-code,0.6428227275613607,-1.5720133514362618,0.6571266368682491,1.3479407342097964,2.5194709413083145,0.2679085960900601
dolma1_7-no-reddit,1.1838656884728287,-1.4692296962931013,0.6401726303316974,1.5131683178601933,2.8174726943707564,0.33944569388676826
dolma1_7,0.8340759684337951,-1.4702872054329363,0.638157645305552,1.5120586687230761,2.814514130961429,0.3386201475118246
falcon-and-cc-qc-10p,0.5973388158954832,-1.678636057752109,0.5352963540141343,1.2542449786885357,2.3220670670285406,0.20958680743391297
falcon-and-cc-qc-20p,0.6720335083924294,-1.6793946637057542,0.5635524977562473,1.2616015273262495,2.3231330283557456,0.20922103023486277
falcon-and-cc-qc-orig-10p,0.663848853244674,-1.6481889318747354,0.5604158093031337,1.2969684250715563,2.387815840749779,0.2248076408534779
falcon-and-cc-qc-tulu-10p,0.6422441341714384,-1.6906548900783398,0.6458795727908794,1.2459739076291403,2.2550448831640746,0.20386614462545471
falcon-and-cc,0.5994084228560039,-1.581306386151631,0.6600109978860704,1.343357115342055,2.5102910115851023,0.2622367862086056
falcon,0.6698943564118094,-1.5051796147810628,0.6658432420621353,1.4368064665406277,2.7088375607597484,0.31247867557958103
fineweb-edu,0.6592110652725937,-1.698782287676975,0.7017642924408592,1.2151153438940068,2.1464933961582484,0.2000864654014431
fineweb-pro,0.5463593911447715,-1.761699229647942,0.6725813121413449,1.1678158024103147,2.0684851746701467,0.17310147573010756
