recipe,layer,old_layer,beta_fine,beta_fine_std,err_fine,beta_coarse,beta_coarse_std,err_coarse,beta_cont,beta_cont_std,r2_cont,beta_fine_oldlayer,beta_coarse_oldlayer,beta_cont_oldlayer,ev,rho,alpha_ols,alpha_mle,integer_matches,old_direct,old_log,family,log_numbers
dolma1_7,4,6,0.8765680280686219,0.010907195853668,0.3882212971234279,0.8469005345399859,0.012936916784199,0.1676196493021146,0.8313356442616264,0.0110412457944964,0.9689783796614124,0.9530358030430652,0.9381391476767124,0.9158914037394146,0.3832398056983948,0.9833748842831964,-1.4702872054329363,-1.1283543455158047,1848383391,0.9784238595478684,0.9688543360367552,dolma,21.33757725131084
dolma1_7-no-code,8,8,0.8588178695378215,0.0133449988397922,0.6844681313583201,0.8259738302718306,0.0175859990072828,0.2755281936872594,0.773073590383595,0.0171155110901931,0.8999734277043238,0.8588178695378215,0.8259738302718306,0.773073590383595,0.4045766691366831,0.9465748182846524,-1.568886108722566,-1.1123199168983948,1743497702,0.8560714651100733,0.7744020779253352,dolma,21.279159106040684
dolma1_7-no-math-code,4,4,0.7181222735117948,0.0011291034716641,0.7912522898005743,0.6316102857828018,0.0174632412033458,0.0592967248344964,0.5523385050266268,0.0125673935245071,0.8923490696712589,0.7181222735117948,0.6316102857828018,0.5523385050266268,0.3520781993865967,0.9196927405339984,-1.5720133514362618,-1.0956161690881745,1619203834,0.6182781575553618,0.3724743828154221,dolma,21.205200404890586
dolma1_7-no-reddit,8,8,1.0625734892390024,0.0109829860323146,0.5042609642731991,1.130192681435087,0.0151754599658256,0.1294547329994524,1.1764504851485855,0.0175581147036082,0.8706253878377958,1.0625734892390024,1.130192681435087,1.1764504851485855,0.5117791295051575,0.9305439147405706,-1.4692296962931013,-1.1267695907888775,1897101846,1.3595462822428164,1.7237236171980193,dolma,21.36359321438645
dolma1_7-no-flan,9,9,1.1019026905015064,0.0169234697923883,0.6488923158299595,1.120111602880128,0.0263174397231069,0.3740953834537035,1.1913119071124931,0.0218311045316719,0.887862019289468,1.1019026905015064,1.120111602880128,1.1913119071124931,0.4403940836588542,0.9369287644785494,-1.476348278712925,-1.1294078352929064,1851014983,1.1973819836636024,1.4652432729103362,dolma,21.3389999650485
dolma1_6plus,9,9,0.9332478893181378,0.0237154598182857,0.5499447322342612,1.005861178629744,0.0111369494797806,0.2908783925006735,1.0078348953222196,0.0187885925198843,0.8707367782247464,0.9332478893181378,1.005861178629744,1.0078348953222196,0.4089793960253398,0.9344305118961982,-1.4290428295012545,-1.1230369616277855,1930067077,1.0767805362629053,1.1751131756530455,dolma,21.380820594181547
c4,3,7,0.7570927748095976,0.0118723210092826,0.8917305308908294,0.6499351896567132,0.0150832921057215,0.1730316663729481,0.5959947438414083,0.0132112708498549,0.8996264543170004,0.7981448029892405,0.6676298382140704,0.566407798048679,0.2792934377988179,0.925713216736404,-1.562534507675033,-1.0743318351415654,1396279342,0.6201172914276777,0.5437062200171588,c4,21.05707692298811
fineweb-pro,7,7,0.7115453997303437,0.0184300756166304,0.9813111361462376,0.6338367273654205,0.0426795896550187,0.2270648279945117,0.5769564668687382,0.0204269771658053,0.8742344877529139,0.7115453997303437,0.6338367273654205,0.5769564668687382,0.2914555768171946,0.9274600647302734,-1.761699229647942,-1.0503300041684829,1486696974,0.6617373806810746,0.4186314500915946,fineweb,21.119822700201134
fineweb-edu,9,9,0.8876719473058374,0.0104347433875893,0.5426656311158815,0.8970684934608838,0.0214256886968851,0.2561330835486131,0.8718068249919028,0.0167798096951596,0.9224732566562144,0.8876719473058374,0.8970684934608838,0.8718068249919028,0.2786562343438466,0.9573385523526462,-1.698782287676975,-1.054090102551412,1720027560,0.8947049103882532,0.855807385309696,fineweb,21.265606150899217
falcon,8,9,0.7493472609686048,0.0139019674783359,0.7599702330851116,0.7494488843113244,0.0146105813462809,0.271546661335004,0.6719527429766429,0.0103051776848521,0.8947063947006777,0.7411689905581023,0.747466584005669,0.6784614362757656,0.3843587835629781,0.935548405455864,-1.5051796147810628,-1.0896590292124309,1889602389,0.792480519666646,0.630256739490051,falcon,21.35963226769531
falcon-and-cc,9,9,0.74289951256795,0.040386764223897,0.8120008591140704,0.6938157186143226,0.0441670236709153,0.1661079663517094,0.6261545721391274,0.0268972539928998,0.8710434927670937,0.74289951256795,0.6938157186143226,0.6261545721391274,0.3173159758249919,0.9279860652737044,-1.581306386151631,-1.0858194129796783,1628415670,0.6490378400146692,0.5296320066177965,falcon,21.210873397489564
falcon-and-cc-qc-10p,3,8,0.8963318973526863,0.006794738471549,0.4982281900829505,0.835961244436123,0.0177184186981136,0.2504610924191621,0.8758759045983431,0.0064078049414815,0.9464225008968836,0.6598130623168533,0.6756798856765666,0.6012094858258951,0.3337272703647613,0.9675395424991488,-1.678636057752109,-1.1599717596263268,999463113,0.7134729478581803,0.5347944458080276,falcon,20.722728805770977
falcon-and-cc-qc-20p,8,8,0.7699618137387553,0.0216161620280219,0.7987559917841339,0.7178244856616676,0.0211723702894343,0.2535254828922134,0.6781872099947582,0.0197869079275656,0.8792008318558882,0.7699618137387553,0.7178244856616676,0.6781872099947582,0.3548629979292552,0.9441825088456928,-1.6793946637057542,-1.1404843503140805,1101371613,0.7387701783404464,0.6014900854336118,falcon,20.819822160899587
falcon-and-cc-qc-orig-10p,3,8,0.7928452824437509,0.0123353429476263,0.565665634456006,0.7728977094171195,0.013530535398948,0.17747524792912,0.7014202621350942,0.0092476538747136,0.9444989708754228,0.7386678360994657,0.7217455930460117,0.6590483058774291,0.3787234922250111,0.9701519869632385,-1.6481889318747354,-1.1572333686134302,1168390290,0.7710184094767739,0.6547262645569832,falcon,20.878892817933227
falcon-and-cc-qc-tulu-10p,2,9,1.2681485018370433,0.0727552412799485,1.023231870607726,1.0295529485824673,0.0283632824626354,0.3672836670501341,1.37972269867728,0.0016161408659582,0.8147948974005566,0.8728270906885728,0.868237245629845,0.8101936070964534,0.3760839998722076,0.9126317181964448,-1.6906548900783398,-1.099715954258046,1748845575,0.9476679495614392,0.9178345230456206,falcon,21.28222173577433
dclm-baseline,8,8,0.6745544349365656,0.0034849935810695,0.7096242475229904,0.6063557268302179,0.0185270431634939,0.2623989669161448,0.5839219241665846,0.0163332612381944,0.8732879831749042,0.6745544349365656,0.6063557268302179,0.5839219241665846,0.3507668574651082,0.9183481550672462,-1.596472550006821,-1.1297767541494983,1485166968,0.6655407735853359,0.4392240427146996,dclm,21.118793039244217
dclm-baseline-qc-7p-fw2,8,8,0.7242684212513889,0.0094284262662829,0.7700618928495393,0.7527301319660603,0.0118207004564438,0.2289444142000452,0.6693719019213117,0.0094418717854303,0.903942629026796,0.7242684212513889,0.7527301319660603,0.6693719019213117,0.3817116916179657,0.9490959517896366,-1.6633735574027269,-1.1227223175086167,1658147214,0.8380519351292394,0.7516480382354277,dclm,21.22896667982647
dclm-baseline-qc-7p-fw3,3,9,0.934839139656626,0.0139019754262876,0.5551645428688224,0.7899197819300374,0.0159186066265579,0.3132768566654067,0.8059085295855909,0.0169292000652938,0.9161021779716974,0.6163609372372257,0.6623531117866134,0.604842162021758,0.2537025213241577,0.9456517944818328,-1.71927632481794,-1.1089677110284109,1869255656,0.7500614169581853,0.585304592108443,dclm,21.34880614365221
dclm-baseline-qc-fw-3p,2,9,1.0458372785458632,0.0548154011022643,0.6951952467945152,0.9319460035396724,0.0423948780963175,0.274481139168741,1.064568578910302,0.0527839791030327,0.8688375465387228,0.6788637603996516,0.648940424155985,0.5699140994735066,0.2188028444846471,0.9379807858807316,-1.7306960659829065,-1.092445391814638,1975409150,0.7841466649243806,0.6423431489228265,dclm,21.404041378400844
dclm-baseline-qc-fw-10p,3,3,0.8092002562936932,0.0087949828059369,0.5381806242928743,0.7657728086751004,0.0136291267810116,0.3163791157946459,0.7558147359139706,0.0083330428520297,0.9377365505403452,0.8092002562936932,0.7657728086751004,0.7558147359139706,0.2817130386829376,0.958592436203197,-1.7230309513222275,-1.0911216109938024,1867799016,0.8091131489176239,0.6889992668529605,dclm,21.348026577816754
dclm-baseline-qc-10p,8,8,0.7438700743812751,0.002850533716824,0.6706815688110418,0.667961716251431,0.0030359062543095,0.1743284725204131,0.6573520630539454,0.0166495215880433,0.8926517668244403,0.7438700743812751,0.667961716251431,0.6573520630539454,0.308935930331548,0.9436836712667892,-1.6142139923644727,-1.1945615995961194,1766042760,0.717247410131138,0.5509335438656199,dclm,21.292007151745583
dclm-baseline-qc-20p,9,9,0.8081733391298856,0.0026550049263951,0.632599411560708,0.7493996192011152,0.0102310736133616,0.1172921902718074,0.7174996163828277,0.0114215771524465,0.910284049234131,0.8081733391298856,0.7493996192011152,0.7174996163828277,0.3031908373037974,0.955014286900355,-1.6060036352867304,-1.1693858340267047,1635991800,0.7601182259433993,0.6874594556480932,dclm,21.215515062889466
dclm-baseline-25p-dolma1.7-75p,8,8,1.0477841997087805,0.0148902500016814,0.5498059354574779,1.027473993799793,0.0069307551053437,0.2563274929110942,1.1005458654017068,0.0265146810934767,0.8894572422823442,1.0477841997087805,1.027473993799793,1.1005458654017068,0.4631145695845286,0.9420581368618732,-1.5130277401356012,-1.129574826516727,1700669931,1.1084998623245612,1.195290198503615,mix,21.254288087439434
dclm-baseline-50p-dolma1.7-50p,8,8,0.8640883698779033,0.0021950241407581,0.4881323572100495,0.8226593867960857,0.0153604441691564,0.2497193218369351,0.8312146141970681,0.0181509322617274,0.9136770922306928,0.8640883698779033,0.8226593867960857,0.8312146141970681,0.381243755420049,0.9537495254625384,-1.5408168089257954,-1.1290429723067563,1601720933,0.952282210574395,0.9259744840175604,mix,21.194344471292055
dclm-baseline-75p-dolma1.7-25p,10,10,0.8232301756363275,0.0056808600686432,0.4636031907322062,0.785246721781346,0.0121236354771874,0.2336493513476361,0.7622455700832927,0.0181893410996405,0.9175808175969344,0.8232301756363275,0.785246721781346,0.7622455700832927,0.3655828336874644,0.9544433319466364,-1.576955554372505,-1.1299445631744989,1533822869,0.8409184236491463,0.7408823470040194,mix,21.15102906321126
