,beta_cont_L0,beta_coarse_L0,rho_L0,ev_L0,beta_cont_L1,beta_coarse_L1,rho_L1,ev_L1,beta_cont_L2,beta_coarse_L2,rho_L2,ev_L2,beta_cont_L3,beta_coarse_L3,rho_L3,ev_L3,beta_cont_L4,beta_coarse_L4,rho_L4,ev_L4,beta_cont_L5,beta_coarse_L5,rho_L5,ev_L5,beta_cont_L6,beta_coarse_L6,rho_L6,ev_L6,beta_cont_L7,beta_coarse_L7,rho_L7,ev_L7,beta_cont_L8,beta_coarse_L8,rho_L8,ev_L8,beta_cont_L9,beta_coarse_L9,rho_L9,ev_L9,beta_cont_L10,beta_coarse_L10,rho_L10,ev_L10,beta_cont_L11,beta_coarse_L11,rho_L11,ev_L11,beta_cont_L12,beta_coarse_L12,rho_L12,ev_L12,beta_cont_L13,beta_coarse_L13,rho_L13,ev_L13,beta_cont_L14,beta_coarse_L14,rho_L14,ev_L14,beta_cont_L15,beta_coarse_L15,rho_L15,ev_L15,beta_cont_L16,beta_coarse_L16,rho_L16,ev_L16,S,R,alpha_ols,alpha_mle,integer_matches,family
c4,,,,,4.64309048157353,0.399460915963025,0.04788510894738729,0.2741102874279022,1.3867133767744018,1.1084075489855119,0.8849007815242691,0.2491646111011505,0.6032516103352646,0.6582050705348526,0.925403482776371,0.27919965982437134,0.5412585148316498,0.6506083270847492,0.8986935575702764,0.2557514011859894,0.5798668001030131,0.7372269484441398,0.9077762561723743,0.2504798471927643,0.5936055044796258,0.734449519094641,0.9172566539237024,0.2440357506275177,0.5646890444619957,0.6732168668076641,0.8948078211198662,0.25176939368247986,0.5596026223512884,0.6643728816868927,0.8966617594083627,0.20602165162563324,0.5813901130824058,0.6723785828732652,0.9075137743643805,0.21055234968662262,0.5355112001289776,0.6171738825610226,0.8791811935173214,0.17387919127941132,0.6318829293435144,0.6918449133515142,0.9454800301159789,0.22404511272907257,0.6091101077892356,0.6736877995693952,0.923660093897512,0.1645755171775818,0.531725878071008,0.6866369228065348,0.810602687775104,0.11173149943351746,0.039546458872618914,0.3472128627149551,0.15196163340340174,0.11245301365852356,0.10626097921834737,0.5039596449852689,0.20712257613060617,0.10371977835893631,0.4012087367130745,0.724468313366538,0.5511481656835607,0.13538801670074463,4129.710126568934,7392.0,-1.562534507675033,-1.0743318351415654,1396279342,c4
dclm-baseline-25p-dolma1.7-75p,,,,,2.7473115197846316,0.5657199201062126,0.02191820946657418,0.21745812892913818,1.280166749477962,1.0852808054441756,0.9274528549753912,0.26696720719337463,0.562051724322482,0.6057907014617112,0.9692847969498635,0.2877115309238434,0.6468349873728949,0.6846582395273539,0.9746194920424164,0.3223912715911865,0.9838734128487816,1.0033450536463506,0.9745879712635922,0.31121668219566345,1.0546136212485357,1.0196421014628347,0.9625006704209221,0.31207266449928284,1.1715787345061195,1.0980786487874399,0.9458859460586787,0.3344913721084595,1.104365980876023,1.0291163200134554,0.9429698202162512,0.46330365538597107,1.1020406245403997,1.000306956505785,0.9366525114664406,0.432282954454422,1.0314786481724005,0.9340624935382332,0.9461374199157698,0.30479148030281067,0.9667255565882328,0.8924500737589364,0.9461493131386571,0.298287957906723,0.7909120187407856,0.7684178404642178,0.9299436808401528,0.14362533390522003,0.08022306970507385,0.5862534681708076,0.32221302991728057,0.10231273621320724,1.2312678392014949,0.6992652212470539,0.4061356377532268,0.0778120905160904,0.15602717602783148,0.11315899034222723,0.4682720027499743,0.08646262437105179,0.301524547377483,0.602751581387716,0.6425696573446347,0.12314922362565994,4678.886856420612,6894.0,-1.5130277401356012,-1.129574826516727,1700669931,mix
dclm-baseline-50p-dolma1.7-50p,,,,,6.520664200422445,2.0057694894663416,0.029216249561106685,0.12910032272338867,0.4501258208528583,0.5143437305191974,0.8438471812736414,0.23731368780136108,0.48044367637488855,0.4935624623369511,0.9305604478414141,0.29498541355133057,0.6068853243900288,0.6334557486875526,0.9578766121602115,0.26334190368652344,0.6405038583195907,0.6644635707886705,0.964847119523614,0.2682279944419861,0.7936058442001567,0.8071010487165725,0.9760741499327699,0.318189799785614,0.7945687061702237,0.8059819475170745,0.9712195667447941,0.3266930878162384,0.8409736804967898,0.8142428055093575,0.9537875522423909,0.38173148036003113,0.7850109170237888,0.7629489924841875,0.9439445721066136,0.3774280548095703,0.7482242412034757,0.7457536368984379,0.9464456681288245,0.3029138147830963,0.7059361643518589,0.7201288881546072,0.9454698269457994,0.24946549534797668,0.3684302007512263,0.48446556596646134,0.6776249247243109,0.12250953167676926,1.312634580670492,0.5973033270505759,0.41882040895269423,0.09435092657804489,0.23730953012490932,0.28354824362659214,0.46081396203007563,0.08290490508079529,0.1003855718067213,0.09328494541378463,0.3538361507725533,0.08376992493867874,0.3459926390727132,0.8693004528652333,0.6850478602277593,0.14414212107658386,4443.514960292658,7132.0,-1.5408168089257954,-1.1290429723067563,1601720933,mix
dclm-baseline-75p-dolma1.7-25p,,,,,0.8287837071371051,1.0257761660812441,0.2926298641889611,0.1210385262966156,1.3928892855712824,1.1109408562781211,0.891832951563282,0.3773593604564667,0.5818808944947914,0.5948793728501399,0.9695265349287426,0.3190945088863373,0.6184779973102059,0.631654527426478,0.9669024744588623,0.292163610458374,0.6566910461410902,0.6970710416123278,0.9584696262649283,0.3025512099266052,0.6381191954778114,0.665106748402997,0.9509295246803091,0.3226083815097809,0.7036286491895414,0.7340140006352919,0.9568956854904892,0.33998212218284607,0.739104147351041,0.7769713380877667,0.9619812794105708,0.34211766719818115,0.7256802610678198,0.7599580289778567,0.9542692639482947,0.3420019745826721,0.7657493668640728,0.7837539001109903,0.9554696931449388,0.3656505048274994,0.7701134851165156,0.7974426930324756,0.9655937041434762,0.31195303797721863,0.5997102591862713,0.603059204065082,0.8486431418389335,0.11775506287813187,1.3157069939028896,0.6459229989542633,0.5736657111787639,0.09585043042898178,0.5659211934935487,0.5531522718767662,0.6421787776566446,0.08029347658157349,0.3300991017421939,0.5202632153303955,0.6112442791395067,0.07881714403629303,0.5417166379313453,0.8042948880888372,0.7498359875409005,0.1112084612250328,4191.295847316228,7324.0,-1.576955554372505,-1.1299445631744989,1533822869,mix
dclm-baseline-qc-10p,,,,,0.07908514156315294,0.2595406559691772,0.08871507380852657,0.14855988323688507,0.41752117737398214,0.5011099231261544,0.8158074170712089,0.17357654869556427,0.4729596154404519,0.5265696594441972,0.9400722516157259,0.311751127243042,0.6327838544192251,0.6637300904251957,0.9672402208470195,0.26982957124710083,0.6390001087560703,0.6635590624372172,0.9669030282287455,0.25569280982017517,0.5358338508126635,0.5637044014251203,0.9406485074618968,0.2826804518699646,0.5229214444417687,0.5487069274932076,0.9333939440932248,0.2665036618709564,0.6596206669747359,0.6688248930814533,0.9430738319709423,0.31141161918640137,0.7148975980599022,0.7233024544281965,0.931908884376957,0.2771643102169037,0.7636464152193242,0.7581000876225394,0.9400367997925995,0.23786629736423492,0.7456510736006939,0.7456768792689069,0.9397980717252337,0.1873866617679596,0.6948015276277884,0.7174502708097856,0.9394257881934764,0.13666526973247528,0.15579550050577498,0.29069888219819434,0.4619536798516975,0.10073192417621613,0.05178121136069674,0.9289740588158135,0.13972434496307506,0.10322240740060806,0.0788174525433619,0.7486282393740333,0.14653751044466706,0.09632694721221924,0.11486771834793663,0.8321183895385316,0.1563707319838417,0.09769091010093689,3801.2333191604766,7548.0,-1.6142139923644727,-1.1945615995961194,1766042760,dclm
dclm-baseline-qc-20p,,,,,0.03238448820607104,0.2127399940385496,0.14534710832055628,0.13184575736522675,0.22377941114668465,0.1338995580429034,0.6659222135417854,0.16543026268482208,0.2993390693245618,0.34391077299686434,0.7499007297101102,0.16511918604373932,0.6498691377887059,0.7109484357113708,0.9563922591217059,0.19408060610294342,0.5881623548335553,0.6506724899949078,0.9575352639956685,0.21191373467445374,0.5411162678819976,0.6121786293288765,0.9492565590494833,0.26631975173950195,0.5428998013622046,0.6078890188833472,0.9453290043939034,0.2702733874320984,0.556459490131696,0.6060334395472274,0.945535552257648,0.2797493040561676,0.7193809167757944,0.746118988781157,0.9555628219043583,0.30220600962638855,0.7229849868482645,0.7548434286986496,0.9513870892855911,0.2516191303730011,0.69788464681653,0.727733616406452,0.9304125543509736,0.2271600365638733,0.6681675186240363,0.6968839629033791,0.9237067346575676,0.20346909761428833,0.5022791814845519,0.5489171682376908,0.8224195729242273,0.11371462047100067,0.7542260274360884,0.8613106309374582,0.2908138509482753,0.09329897910356522,0.3828956777863094,0.7278935816018303,0.2686282812466081,0.09386132657527924,0.22741423211284234,0.8579690005561276,0.25733089782722085,0.09944143146276474,3910.423591706782,7487.0,-1.6060036352867304,-1.1693858340267047,1635991800,dclm
dclm-baseline-qc-7p-fw2,,,,,0.12291344460444202,0.45088351711668534,0.0892950229114312,0.11110886186361313,1.4165359974070233,1.024749857914376,0.8552442033632508,0.183987557888031,0.6835354062661028,0.6700691995750174,0.9508879811722798,0.2698187828063965,0.7300939920856971,0.7048672468306699,0.9577692296230434,0.22310879826545715,0.7522324964468065,0.7827170979089247,0.956099966251178,0.26124459505081177,0.6178800604420963,0.665109251360643,0.9480077309560715,0.37670570611953735,0.6442190142965579,0.7247440597448064,0.9465323020044587,0.3498653769493103,0.6643708681982778,0.750207355698274,0.9495113618441787,0.3818178176879883,0.6586363324270498,0.7326781593270918,0.9530974476539512,0.3329142928123474,0.646205475690305,0.7087067355269495,0.947604952205428,0.3002312183380127,0.6139083515872843,0.6845106987437292,0.9370549759344264,0.20988526940345764,0.541458632080605,0.6334409770982619,0.8852401554513286,0.14658507704734802,0.7029155075894394,0.6783815568577465,0.7743086429884856,0.10576985031366348,0.6856340466233408,0.7171209409147357,0.5508315684271572,0.10223817825317383,0.4932523403522075,0.595593710430134,0.4477934362112924,0.1002366915345192,0.5113830926241041,0.6747126153017188,0.7126130101594763,0.112809918820858,4242.906384187664,7194.0,-1.6633735574027269,-1.1227223175086167,1658147214,dclm
dclm-baseline-qc-7p-fw3,,,,,0.03607408703425887,0.42761095646031555,0.1478805719491439,0.13121554255485535,0.653607085760637,0.7572361878957711,0.8849427692708699,0.17914442718029022,0.8109267264033401,0.79804647576432,0.9460667325993667,0.25481146574020386,0.8494175268879153,0.8147407598241533,0.9407441331541898,0.1922536939382553,0.6155355066607962,0.6696792190671264,0.9181724749894645,0.1790449619293213,0.5862070762439411,0.6468974492607961,0.9126800161649924,0.15980733931064606,0.5719155628348503,0.6680760815238199,0.9216923053597431,0.18918083608150482,0.5454917513312374,0.6725221485926611,0.9030102240646947,0.15302115678787231,0.6052969080915119,0.6581672098928273,0.8964861312823755,0.25426870584487915,0.6083373391761518,0.6610959279689926,0.902690400180664,0.21201016008853912,0.6214825293690432,0.6686035753801164,0.9101432848126267,0.18717843294143677,0.5539141835320587,0.5985516715376527,0.8814414116256364,0.10468630492687225,0.6858937140078594,0.6674541530130224,0.8058330105968694,0.08802863210439682,0.4588045301996307,1.2079458625768174,0.33089197957047733,0.09240155667066574,0.6329649229607633,0.7821464944382523,0.3647781470968258,0.08478476852178574,0.59760678218182,0.8383947409356411,0.3857845435563966,0.08279837667942047,4340.2929264368195,7106.0,-1.71927632481794,-1.1089677110284109,1869255656,dclm
dclm-baseline-qc-fw-10p,,,,,4.391264601342348,0.9893020730648465,0.10851704381970517,0.18641076982021332,1.1099438199992575,0.9077262469069812,0.9208380967140257,0.2599135637283325,0.7598721527577289,0.7732140742730302,0.9590519621507029,0.28187862038612366,0.7144029231266429,0.7233105139673416,0.9622213553880152,0.2278229296207428,0.6289243610459544,0.6626927432716369,0.9615311640006393,0.21058505773544312,0.6559856530885101,0.6886382556941606,0.966334516809601,0.23128238320350647,0.6678487556613296,0.738197665583952,0.9421723113944908,0.2425931990146637,0.6685680375482737,0.6926413258613772,0.942306089969911,0.21567405760288239,0.7686644434523106,0.7933906393092477,0.9524051542814166,0.22741828858852386,0.7899045496507702,0.7700053429795125,0.9429541978053072,0.18612247705459595,0.7381856327546887,0.726464370716681,0.9236052202997614,0.15458990633487701,0.019275360429428956,0.5418898150286078,0.12063606812818875,0.09203451871871948,0.004040813477802204,0.580339731308254,0.06538327351142723,0.11189057677984238,0.046962517691008995,0.6911438729694452,0.15108039199210596,0.09182381629943848,0.029404694233813856,0.6989505458524404,0.1427661309304435,0.08569460362195969,0.15154351719765835,0.2440039486237618,0.25078351894405754,0.08323685079813004,4412.2874012375505,7060.0,-1.7230309513222275,-1.0911216109938024,1867799016,dclm
dclm-baseline-qc-fw-3p,,,,,2.446463917707181,0.7000372158964053,0.03122607400272387,0.14492349326610565,1.0705543710517351,0.9396206473953904,0.9391635370970809,0.2182784378528595,0.8599433679688242,0.8702659507006482,0.938368689297783,0.1877201497554779,0.7270236753303236,0.7907062263568798,0.952048762004521,0.2104761004447937,0.7538486196846095,0.802767786126057,0.9501226318151862,0.20905223488807678,0.5885865943674262,0.660891175984217,0.9405913286009272,0.21335868537425995,0.5619676763073613,0.6457239799714345,0.9284988777046492,0.19218604266643524,0.5245300446142526,0.6325466574526417,0.9036364616086695,0.17084766924381256,0.577197019544263,0.6507727693115921,0.929397370395115,0.21769015491008759,0.6133743725566755,0.6697792160116973,0.9410376651106556,0.18088547885417938,0.5940747196830712,0.6541706449251213,0.92025276269143,0.1494511216878891,0.34297048112572903,0.5351403872808121,0.6306835589746205,0.08954748511314392,0.41640629403270946,0.6764216063257331,0.4335802311562541,0.07904756814241409,0.43761923381833123,1.054482226658432,0.16421648868951066,0.09367068111896515,0.744893899003784,1.1826205946457966,0.190978050869992,0.0846947431564331,0.29700207589395694,1.0297231040800334,0.19985860176455786,0.08609235286712646,4472.883951390165,6999.0,-1.7306960659829065,-1.092445391814638,1975409150,dclm
dclm-baseline,,,,,2.826399752139683,0.7114477253297571,0.14159956365389198,0.1409289538860321,0.4766824966576809,0.5648619609811286,0.869638666066197,0.1431298702955246,0.5911848090788435,0.6031032797977489,0.9531432726815269,0.2308993935585022,0.7269454654571486,0.7653075094397348,0.971321520318639,0.26997673511505127,0.6854069819008517,0.7289366875375631,0.9661921685525934,0.25991231203079224,0.6210337930277863,0.681302752922232,0.939912896557021,0.2884902060031891,0.5556438016741908,0.5955793974784915,0.9352188570114581,0.27891382575035095,0.5907517122889401,0.615566253420781,0.9193487752678995,0.35309016704559326,0.5947128365969236,0.6229609215823289,0.9203102832033343,0.31124812364578247,0.6306488636745495,0.6671739306240252,0.9280891016365505,0.29865577816963196,0.6198814457686718,0.6448853176585826,0.9235405262232451,0.2578063905239105,0.7113759940578352,0.6448558898726849,0.7702769594337512,0.11236584186553955,0.7804457182722017,0.6932960691673101,0.5828137559235,0.10106351971626282,0.2753194089322306,0.6489403837967587,0.32715894995821043,0.08862930536270142,0.20296486223100202,0.292783751980046,0.37643371321812363,0.08613332360982895,0.2966820126842562,0.3921232233337048,0.568903336885812,0.09766917675733566,4063.2239628077396,7392.0,-1.596472550006821,-1.1297767541494983,1485166968,dclm
dolma1_6plus,,,,,5.279076616499081,0.6904848153243751,0.09563943642961416,0.1188872829079628,0.9324568608953825,0.9207636251365698,0.9128039035933266,0.20901750028133392,0.7249430458806504,0.7667120978082307,0.9753627167773902,0.3079114258289337,0.830522109644015,0.8771821501799774,0.9781111793968115,0.3801863193511963,0.9461142701468129,0.9375716320516622,0.9732072471343601,0.2788192629814148,0.9880773775552357,0.9950649663549688,0.9721295603177812,0.2909686863422394,0.9644320973947869,0.9643777621929812,0.9581365114379693,0.28705599904060364,1.0720737554755735,1.0628871363933565,0.9455353896874973,0.32301950454711914,1.0001645317213033,1.0018138048952903,0.9338600039300713,0.40918877720832825,0.954324638510244,0.9529960348657363,0.938851182362593,0.33940622210502625,0.9774231562811787,0.972319508343936,0.9475361094178746,0.2740779519081116,0.9313328641178682,0.9362211883590066,0.9509935389390753,0.17738306522369385,0.2119024523488855,0.4891169406208046,0.05828835231097928,0.09745606780052185,0.12157724841664803,0.7637798118357176,0.21258551504852655,0.07993009686470032,0.11317447358798703,0.1824509842754537,0.29284603013738225,0.08141152560710907,0.4563410294454837,0.569717678775767,0.6458473254794203,0.09314988553524017,5368.9113892993,5707.0,-1.4290428295012545,-1.1230369616277855,1930067077,dolma
dolma1_7-no-code,,,,,0.4048799408812942,1.532072376963123,0.03644852060830368,0.10863625258207321,0.8737881701016244,0.8130235236863035,0.9425140155404879,0.15531325340270996,0.6526217135947318,0.7076984634589578,0.9670104219260742,0.3015107810497284,0.5988938674003897,0.6550323471818744,0.958047426277504,0.3690788745880127,0.6497542704194235,0.7242835135892737,0.956028758520233,0.3089020848274231,0.7201354179621926,0.7986056997067755,0.9575358791917531,0.3372090458869934,0.715818192281073,0.8013159822086374,0.94559534711916,0.3773120939731598,0.7813433757187467,0.8347378810305568,0.9483556838991227,0.40537071228027344,0.7385894111353696,0.7740935554149827,0.9465663737017115,0.38387566804885864,0.7192869395015439,0.7585472819335357,0.946165922524044,0.31008806824684143,0.6900780894963063,0.7132785322860895,0.9410352929507197,0.31367361545562744,0.6155417719113474,0.6663748431575147,0.8759116104006754,0.1254691779613495,0.42162587555531567,0.5156178966087382,0.5649611423598363,0.11546765267848969,0.25860152868293756,0.39663509409571895,0.3214206310333237,0.09286586940288544,0.22977353135334322,0.3738165517944181,0.4229984771341038,0.09220470488071442,0.5491815607789744,0.9382663643886194,0.7427393885428767,0.13305151462554932,4416.92244222414,7177.0,-1.568886108722566,-1.1123199168983948,1743497702,dolma
dolma1_7-no-flan,,,,,15.819228219327107,3.1328266841777435,0.03515276323770142,0.16858376562595367,0.7139016019856554,0.7388429858472639,0.8986413296564406,0.16120645403862,0.6409413020935186,0.6401799872519205,0.9718840417029809,0.28276440501213074,0.7282548372293487,0.7623012606488586,0.9748919163926301,0.4219667315483093,0.8433878438793665,0.8569465286456668,0.9759928133745652,0.33108073472976685,0.8960691748836708,0.9248989839909117,0.9687815820512544,0.3549717664718628,1.0238358788918633,1.0275380165957986,0.952182345181863,0.415040522813797,0.9873087946074952,0.9859074176083031,0.9522740886156738,0.3873606026172638,1.187031999486701,1.1307210928201559,0.9386527597748302,0.4428997039794922,1.1486134355128592,1.0844384554089193,0.9467122847054752,0.3256967067718506,1.1527500070471164,1.0549325061742156,0.9517154431711771,0.17901457846164703,1.072285738494924,0.9734626397887968,0.9510812559588572,0.17065316438674927,0.06354557923638851,0.7160009530806415,0.16469129393936643,0.09198181331157684,0.6959382103656265,0.7473602443678716,0.3074306307337729,0.08322902768850327,0.25641190731890756,0.5485975871527654,0.5259163369434889,0.08731011301279068,0.5601907950657413,0.8495958671348538,0.7773441368863238,0.10323210060596466,5001.048089645052,6426.0,-1.476348278712925,-1.1294078352929064,1851014983,dolma
dolma1_7-no-math-code,,,,,0.07886875235176312,0.37663357500608396,0.12514520713100105,0.10972922295331955,0.9318453616605041,0.8472797591531495,0.9353833058713337,0.25040945410728455,0.5723893803538139,0.5820373585795348,0.9541214864344754,0.21517430245876312,0.5453313265127199,0.629204668613207,0.9237978096468011,0.35081079602241516,0.5697726019310614,0.6950228631139539,0.9217662727748852,0.2661612033843994,0.5599290315817882,0.6057167743376556,0.9114080466382777,0.34315943717956543,0.5819075839328275,0.6361992852196409,0.9194513997940773,0.3156207501888275,0.6428227275613607,0.7026795855840836,0.9375218081040072,0.3044794499874115,0.6218038539338285,0.6783784065406422,0.9168271469437348,0.313090056180954,0.6856214785213514,0.733834573297995,0.932748845265943,0.3180418610572815,0.7197428458189062,0.73978140953269,0.9335401526417663,0.2897271513938904,0.7222770784609981,0.660916934464391,0.7881235965469636,0.11181000620126724,1.1196462066789474,0.6580670257379825,0.3931038999787393,0.10081171244382858,0.6191949402654033,0.4918591058097281,0.4915991402444295,0.08580926060676575,0.2989338080597398,0.24715074589131866,0.46350349939530616,0.07827573269605637,0.4122271912148663,0.7299296541229506,0.6769036310932811,0.09954743087291718,4363.4120173025685,7227.0,-1.5720133514362618,-1.0956161690881745,1619203834,dolma
dolma1_7-no-reddit,,,,,0.18084715018399125,0.4774329238592444,0.027945161932717944,0.2171735018491745,1.2645583015956436,1.082915734372376,0.8986753610510014,0.21369388699531555,0.738317984161485,0.7876099472141014,0.9818051298761246,0.3468320369720459,0.784873976947251,0.8403211056462407,0.980215390162583,0.38933297991752625,1.0606196928325313,1.0661544038444153,0.9796308048663329,0.3917217254638672,1.081254131409643,1.0360196841784015,0.9763453135506587,0.35222774744033813,1.097561700040794,1.0495333805448854,0.9626698184780056,0.35300615429878235,1.1838656884728287,1.1324811740716565,0.9289085947713716,0.5110339522361755,1.130125680397767,1.089505343255351,0.9307490620288001,0.45494019985198975,1.1095005824463613,1.0801448344998892,0.9392696562115952,0.29369300603866577,1.1550809232023305,1.1473723675407799,0.9445092870090379,0.22247321903705597,1.115375961952345,1.099162470108973,0.9347482872738704,0.18080203235149384,0.3116506097326297,0.8505468684903849,0.4429810101006282,0.09310980141162872,0.009939635740679948,0.4365127443676316,0.1543872097136217,0.08524806797504425,0.006861043133835336,0.7042208056411116,0.21212219183812941,0.07811206579208374,0.4953734172980042,0.9163421807003306,0.7067739003975637,0.10172785818576813,5096.475653735751,6279.0,-1.4692296962931013,-1.1267695907888775,1897101846,dolma
dolma1_7,,,,,0.5899831766022329,1.211640443292959,0.08961653309064267,0.10499972850084305,0.5614045485582042,0.585181195094656,0.9122709537808273,0.21619823575019836,0.7051165758405494,0.7139118999427863,0.9746024267499369,0.30096176266670227,0.8367709709955624,0.849740224193723,0.9833793614350449,0.3834647834300995,0.7992834475726998,0.8262716381716925,0.9731730031730914,0.2736402750015259,0.9184123426946449,0.931321436905863,0.9602165403004005,0.33434680104255676,0.9190927622088396,0.9313244868134658,0.9554355676427353,0.335021436214447,0.8340759684337951,0.8677212902338445,0.9337849375010342,0.3079744577407837,0.9875578573278788,0.9896521010518938,0.9423287765299336,0.3482632339000702,1.0160806242745248,1.0151740390821098,0.9414472440607564,0.3408518135547638,0.9670749327680945,0.9677181419848035,0.9499941792084718,0.2328549325466156,0.969398326697784,0.9073758899403188,0.9428135302788362,0.15330494940280914,0.6918665699346496,0.4175660518734679,0.41385779707363085,0.08960805088281631,0.8550456738522247,0.6800292422634419,0.4559744653918082,0.07979808747768402,0.27693008646715445,0.4606260533292378,0.5818140693932293,0.08706709742546082,0.5440615684551439,0.8713033373670128,0.7213692427609272,0.09326508641242981,5027.08074297333,6384.0,-1.4702872054329363,-1.1283543455158047,1848383391,dolma
falcon-and-cc-qc-10p,,,,,0.18754910158660035,0.10650698469958726,0.07466321898534474,0.11806312948465347,1.245556894665777,1.0335330311013777,0.8856226174293342,0.26684215664863586,0.879072539139255,0.8407777173324105,0.9678733554570376,0.33318570256233215,0.7629722534076544,0.7390223173144327,0.969949970032051,0.2836543023586273,0.6823034975432496,0.6921122806789426,0.9571453012675669,0.2945233881473541,0.7086175387266859,0.7647893103858413,0.9552522334815294,0.23225927352905273,0.621327845552981,0.6725566080906086,0.9397876544323034,0.25151264667510986,0.5973388158954832,0.6643668997264359,0.9096507754364027,0.31228527426719666,0.6146930562238485,0.6698513075141485,0.9289615202027577,0.29281890392303467,0.6569902576345957,0.7169152371739005,0.9305482086259229,0.30184003710746765,0.6270412640085951,0.6805052947170329,0.9278415115517981,0.21515260636806488,0.588253409242682,0.6292976752062083,0.9105547739752415,0.16371595859527588,0.4793109251637204,0.5535320036324632,0.7466338465791227,0.10841631144285202,0.8099779016496607,1.0216198553860913,0.4113443482519413,0.10729588568210602,0.4511083078102227,0.6740953915564311,0.4039897228042014,0.0993485376238823,0.36468667161848684,0.62023766359734,0.654639446738974,0.18706479668617249,2969.8422219401928,7735.0,-1.678636057752109,-1.1599717596263268,999463113,falcon
falcon-and-cc-qc-20p,,,,,0.14376539896038842,0.6412218581368077,0.03705129297158502,0.16262787580490112,1.199073882106828,1.022264807859768,0.88923111019842,0.1941988468170166,0.761222025315808,0.7708777107431583,0.9659146006847166,0.26729610562324524,0.6902447408931952,0.6943793653096614,0.9625414416443255,0.3012390732765198,0.6460781333318869,0.6882691163920533,0.9545377315121544,0.3137020170688629,0.6662922397294854,0.7497141590735774,0.9487582196142658,0.24539262056350708,0.6829783929843802,0.7498883720690729,0.956155497804635,0.2550698220729828,0.6720335083924294,0.7113577478195987,0.9418989027565073,0.35937514901161194,0.6502300585179775,0.6817458615853182,0.9446842136165577,0.34588539600372314,0.6119037720520996,0.6200486479777472,0.9272605845349674,0.31755006313323975,0.5724878641856177,0.5778254116951155,0.9213670903334399,0.26892444491386414,1.0586032562205714,0.5848786385325797,0.5199167720123342,0.10588114708662033,58.74529822905376,0.49007665879905915,0.3043334554840254,0.08921661227941513,0.002478768164386876,0.8800969171276263,0.028735362822247916,0.10986877232789993,403.4261914314,1.0666686295648677,0.008699015903719066,0.10975823551416397,0.24567097447058894,0.7563570319760862,0.4203352493044803,0.14658072590827942,3330.180282941209,7668.0,-1.6793946637057542,-1.1404843503140805,1101371613,falcon
falcon-and-cc-qc-orig-10p,,,,,0.19756797321608408,0.7519303498109233,0.06694112965088711,0.15638703107833862,0.9115866303374688,0.9613150110111769,0.9165598266919838,0.21888510882854462,0.7008891060246305,0.767724067913555,0.9704167967673826,0.3794257640838623,0.69089462033041,0.758295161856683,0.9615270484102535,0.33011797070503235,0.589439816683902,0.6609266158888558,0.9550118762255784,0.29526054859161377,0.5833884380243495,0.6691995370508717,0.9435479370543118,0.2849483788013458,0.6134782753251811,0.7235924498793553,0.9326244871281614,0.30748438835144043,0.663848853244674,0.7296821363383276,0.9411208469347161,0.3584453761577606,0.6451615416527822,0.7014468597553152,0.9395051263859023,0.31361421942710876,0.6587248875566812,0.7082732329083757,0.9425609773836655,0.27630990743637085,0.6527311322720818,0.6918545016683577,0.9437951366010571,0.2318914383649826,0.6319575843546239,0.6321085963763798,0.9174405586633062,0.12944747507572174,0.0032231723088587045,0.43517345809059166,0.16803009960562337,0.11227285116910934,0.060446219070975964,0.316322787383261,0.14964496384220963,0.10179386287927628,0.043324808819991574,0.2450284536711057,0.14443485950439366,0.09697005897760391,0.34228098061707274,0.850579644549327,0.3764315203831657,0.11067894846200943,3453.238272294426,7609.0,-1.6481889318747354,-1.1572333686134302,1168390290,falcon
falcon-and-cc-qc-tulu-10p,,,,,3.5132847161142533,1.5845072662080653,0.062010676909599674,0.14233379065990448,1.379875450900603,1.044330338527434,0.9124756433121575,0.3771272897720337,0.9364231010148798,0.8900355195747394,0.9751511993543558,0.258138507604599,0.7426827423871363,0.7958210741000564,0.967586946725449,0.2633322477340698,0.681999383489267,0.7442108607203082,0.9633348412511383,0.3082261085510254,0.6535208002267768,0.7720397352793541,0.9453902273882426,0.2991640865802765,0.6603941561703995,0.7475820813625839,0.9449761002240464,0.321601539850235,0.6422441341714384,0.7223832483945203,0.9453949438798394,0.23658061027526855,0.8140978726256609,0.8709616493471483,0.950579121096164,0.3316619098186493,0.7928058353989408,0.826006498768143,0.9466475232771419,0.17915558815002441,0.7818346993168315,0.7879360857826578,0.9460186586857223,0.18807271122932434,1.110733910888515,0.6916041761673654,0.2844994235244863,0.11535242944955826,0.5904623028922953,0.5219055360785875,0.1519972678176075,0.10772697627544403,0.00792960395695303,0.4205790015419979,0.15285384008872455,0.09410206973552704,0.0421193510318054,0.24353991588492047,0.2018028673776925,0.0961582139134407,0.3340922706798669,0.6674030085904376,0.3433712454700752,0.1007455363869667,4398.985035004293,7030.0,-1.6906548900783398,-1.099715954258046,1748845575,falcon
falcon-and-cc,,,,,0.07067737065557528,0.3926564368845298,0.01669686706298955,0.17576877772808075,0.9638037929205941,0.8520833840913482,0.8799049583980562,0.18217767775058746,0.5238889628236331,0.624812246494755,0.9109456019205536,0.20481373369693756,0.5476511544312337,0.6305597645360412,0.9225346790534396,0.22738167643547058,0.4672753790281885,0.5536506636733154,0.8188928717700261,0.25340214371681213,0.5153966019576028,0.6168002363756289,0.8651917127370784,0.24368789792060852,0.5898765034688936,0.6715486774243972,0.9203405462335197,0.28125569224357605,0.5994084228560039,0.6819434354353571,0.9213001097664979,0.2861281931400299,0.6170973640393956,0.67083497562872,0.9290946942392425,0.3149956464767456,0.5917493358348401,0.630877275182361,0.9096032598070096,0.27255186438560486,0.6296217547308,0.6682567251113058,0.9399712591233579,0.3014499545097351,0.5682203024753667,0.5878994040354049,0.9160798608289413,0.15621016919612885,0.4797934323957813,0.4664809483825441,0.6940623639515291,0.1072489321231842,1.2233063377647653,0.8195118098253718,0.29564291242394336,0.09224987775087357,0.2050005277256263,0.35519782942720796,0.2980911101676726,0.08574910461902618,0.40202743014421627,0.7050568974706919,0.5313253495367831,0.10570938140153885,4386.795994068209,7155.0,-1.581306386151631,-1.0858194129796783,1628415670,falcon
falcon,,,,,0.03223843562141065,0.3356525644598809,0.03369791215504788,0.2932465374469757,0.8806061669375843,0.8359113112255541,0.896176715641299,0.20907555520534515,0.6269300850013101,0.6657152741524092,0.974123305976855,0.31830883026123047,0.6065730937424642,0.6917972773333559,0.9599323252317845,0.23560863733291626,0.5671753273876022,0.6469833816495422,0.9534727322730313,0.266663134098053,0.6677972763447598,0.7361263774056329,0.9641926572185509,0.35418155789375305,0.6379780922462076,0.7235063563962576,0.9521448333590466,0.36629560589790344,0.6698943564118094,0.7434273293656342,0.9341336264230627,0.3822546601295471,0.6767063828083757,0.7545641032085929,0.9247842348481664,0.3797442615032196,0.6426150001445547,0.6939500401413574,0.9174282023282053,0.2695717513561249,0.6344533409681212,0.6839400743210109,0.9230026752620836,0.2725391387939453,0.5989787384029909,0.6963164751262358,0.8001717426679629,0.1143287718296051,0.7034742947784892,0.7802391911367788,0.8354802044103684,0.1123804971575737,0.47948911788633425,0.43532532540929936,0.30931079811204554,0.09121222794055939,0.2148679549550479,0.345498527753195,0.29230820619725995,0.09886913746595383,0.3164245439118722,0.5302443080253321,0.5267497046925926,0.10358405858278275,4989.123829772515,6432.0,-1.5051796147810628,-1.0896590292124309,1889602389,falcon
fineweb-edu,,,,,0.10944866822108863,0.4045096887405491,0.10317882502335189,0.18684729933738708,0.9967879255668921,0.8169756530555305,0.8991448018917247,0.1525774896144867,0.6621417128390961,0.6938318193085921,0.94814391302278,0.27921560406684875,0.6714422616208556,0.7220468598052562,0.9591127612502919,0.2512999176979065,0.60557289032544,0.6864776965203464,0.9552726246986265,0.2566768527030945,0.6431130083255859,0.717384478407786,0.9546969555519743,0.24663333594799042,0.6973089024617721,0.7799848648058161,0.9624921284605912,0.26237043738365173,0.6592110652725937,0.7611963102321646,0.9223410731735024,0.2166450172662735,0.8730462622753271,0.8851040419570103,0.956265239713731,0.2784254252910614,0.8452472681059372,0.8502224674458593,0.9502184974164838,0.2589808702468872,0.8466903848472147,0.8741278148800882,0.955120947114638,0.2564755380153656,0.6706173413296924,0.7325418460111377,0.9304344368418698,0.13610689342021942,0.6198834010030544,0.7510783518480408,0.738973167966067,0.10815152525901794,0.27970281539594977,1.0527047245171306,0.2629226197998976,0.09034740924835205,0.4392537505872803,0.9932257824918996,0.45959071577347654,0.09812860190868378,0.5898157507435626,0.6841389255189586,0.7965640106528602,0.1002017930150032,4450.9486090605715,7075.0,-1.698782287676975,-1.054090102551412,1720027560,fineweb
fineweb-pro,,,,,0.004303816354468106,0.3644898990269504,0.0161563343374829,0.26875051856040955,0.40768860131401774,0.5283854213181074,0.8135833618827657,0.1561364084482193,0.6521582103316508,0.7175227675145202,0.9486423981488459,0.24231812357902527,0.6292606172946433,0.7072579155589123,0.9367605758404536,0.23547226190567017,0.5964260416625147,0.7043211660509995,0.9190816877590164,0.24206002056598663,0.5776315463469608,0.6991146788418087,0.9148871221897761,0.236581951379776,0.5819821976371862,0.6513265482984325,0.9288598344855429,0.2924807071685791,0.5463593911447715,0.6558748909167387,0.863204789998076,0.2550390064716339,0.5875558550522242,0.6645397037443417,0.8891998777837943,0.26751551032066345,0.6255164323368543,0.6913704598635375,0.8982988812824708,0.23332448303699493,0.6163147483643614,0.6768994666840628,0.9024915926627062,0.22194784879684448,0.5419707899564943,0.6059110734088434,0.8323126336690974,0.13240191340446472,403.4261914314,0.8244228502651406,0.1758187140019051,0.09671461582183838,0.004068469173049875,1.0314926536632596,0.07884389999387793,0.09438804537057877,0.002478768164386876,1.300495371552642,0.010520764491351118,0.09221721440553665,403.4261914314,0.9900365122787934,0.06595830959585351,0.09880112111568451,3959.6460251860394,7433.0,-1.761699229647942,-1.0503300041684829,1486696974,fineweb
