recipe,alpha_ols,alpha_mle,integer_matches
dolma1_7,-1.4702872054329363,-1.1283543455158047,1848383391
dolma1_7-no-code,-1.568886108722566,-1.1123199168983948,1743497702
dolma1_7-no-math-code,-1.5720133514362618,-1.0956161690881743,1619203834
dolma1_7-no-reddit,-1.4692296962931013,-1.1267695907888777,1897101846
dolma1_7-no-flan,-1.476348278712925,-1.1294078352929064,1851014983
dolma1_6plus,-1.4290428295012545,-1.1230369616277855,1930067077
c4,-1.562534507675033,-1.0743318351415654,1396279342
fineweb-pro,-1.761699229647942,-1.0503300041684829,1486696974
fineweb-edu,-1.698782287676975,-1.054090102551412,1720027560
falcon,-1.5051796147810628,-1.0896590292124309,1889602389
falcon-and-cc,-1.581306386151631,-1.0858194129796785,1628415670
falcon-and-cc-qc-10p,-1.6786360577521087,-1.1599717596263268,999463113
falcon-and-cc-qc-20p,-1.6793946637057542,-1.1404843503140805,1101371613
falcon-and-cc-qc-orig-10p,-1.6481889318747354,-1.1572333686134302,1168390290
falcon-and-cc-qc-tulu-10p,-1.6906548900783398,-1.099715954258046,1748845575
dclm-baseline,-1.596472550006821,-1.1297767541494983,1485166968
dclm-baseline-qc-7p-fw2,-1.6633735574027269,-1.1227223175086167,1658147214
dclm-baseline-qc-7p-fw3,-1.7192763248179401,-1.1089677110284109,1869255656
dclm-baseline-qc-fw-3p,-1.7306960659829063,-1.092445391814638,1975409150
dclm-baseline-qc-fw-10p,-1.7230309513222277,-1.0911216109938024,1867799016
dclm-baseline-qc-10p,-1.6142139923644727,-1.1945615995961194,1766042760
dclm-baseline-qc-20p,-1.6060036352867304,-1.1693858340267047,1635991800
dclm-baseline-25p-dolma1.7-75p,-1.5130277401356012,-1.129574826516727,1700669931
dclm-baseline-50p-dolma1.7-50p,-1.5408168089257954,-1.1290429723067565,1601720933
dclm-baseline-75p-dolma1.7-25p,-1.576955554372505,-1.1299445631744989,1533822869
