recipe,alpha_ols,r2,alpha_mle,ci95_low,ci95_high,sampled_tokens,integer_matches,support
dolma1_7,-1.5249299033547328,0.7738745970229394,-1.1285798531430415,-1.567083578455494,-1.520820604869949,1013600257,18272583,1.0
dolma1_7-no-code,-1.5926460168467815,0.7680196336193574,-1.1107054139025292,-1.6314239472552823,-1.5950580614745742,1024899942,17975955,1.0
dolma1_7-no-math-code,-1.6029638059167708,0.76766782422601,-1.095872420205004,-1.6377312295224273,-1.611976593371554,1026926472,16609904,1.0
dolma1_7-no-reddit,-1.5037399298424516,0.7708732057849182,-1.127185530798475,-1.5715814385704072,-1.4627952587778386,1011017104,18672191,1.0
dolma1_7-no-flan,-1.5487585355844626,0.7752728650679552,-1.1295935948889886,-1.5928990568791643,-1.5515106605352629,1012734302,18067745,1.0
dolma1_6plus,-1.4852237562257191,0.7776745118856785,-1.1221669507176018,-1.5187132533952492,-1.4845764354370274,1016631056,19092654,1.0
c4,-1.593287977771901,0.7500695401969997,-1.0745999322565731,-1.6255493292614982,-1.602972097335442,1038217768,14478557,0.9995
fineweb-pro,-1.8015823419140984,0.7679715679467011,-1.0512245046922748,-1.8301888609157653,-1.811486191556685,1029039691,15214720,0.9977
fineweb-edu,-1.725926680223593,0.7621016930052561,-1.0554209680087905,-1.7532204132003293,-1.739405521202279,1028138228,17600325,0.9999
falcon,-1.5195404987568704,0.7748370414173701,-1.0895700793029075,-1.5422751385225653,-1.5248068028342716,1031075699,19469205,1.0
falcon-and-cc,-1.6095082477224902,0.7692621235655362,-1.0847444109035413,-1.6402438913446395,-1.6216927909272612,1030273419,16737236,1.0
falcon-and-cc-qc-10p,-1.7290359144959706,0.7270064190677172,-1.1601491781524453,-1.7299292550989334,-1.7071453132859769,1027627583,10247340,0.9792
falcon-and-cc-qc-20p,-1.7114350938146394,0.7505822997542195,-1.1402765930474765,-1.7451409934665567,-1.6884530351387086,1026280136,11308088,0.994
falcon-and-cc-qc-orig-10p,-1.702369432825554,0.7515573183752079,-1.1579367861876806,-1.7320437524072316,-1.7022160933040384,1031080813,12128227,0.9942
falcon-and-cc-qc-tulu-10p,-1.7277459239896797,0.7921724602696563,-1.1001220810563683,-1.7622982110123042,-1.740327767790397,1026414379,17795576,1.0
dclm-baseline,-1.6235774572617272,0.7734532565166254,-1.1293311438656037,-1.6590849306857156,-1.6329368643495323,1019987553,15204983,0.9992
dclm-baseline-qc-7p-fw2,-1.6898244576466106,0.7595964191839135,-1.1238853300060987,-1.7212486751360976,-1.70125352518338,1023570728,16863762,0.9997
dclm-baseline-qc-7p-fw3,-1.7375001327057142,0.7424001152413028,-1.1091469686112956,-1.7646226425549105,-1.747069874218317,1027237299,19130786,0.9991
dclm-baseline-qc-fw-3p,-1.75856128685452,0.7327062208626641,-1.0939779724836691,-1.7824806401365572,-1.7671094813361246,1026596656,20070824,0.9997
dclm-baseline-qc-fw-10p,-1.746171162368485,0.748171404215529,-1.0921189765202057,-1.7726869442040574,-1.7565052513483606,1024940426,19095298,0.9996
dclm-baseline-qc-10p,-1.6529709412369706,0.7572235362788091,-1.1953703163348228,-1.6870244034751047,-1.6609527406120899,1029872564,18150105,0.9985
dclm-baseline-qc-20p,-1.6611061531045144,0.7644515288645453,-1.1699312812590987,-1.6926765615205075,-1.6721086049740008,1028217233,16919620,0.9983
dclm-baseline-25p-dolma1.7-75p,-1.537109302064386,0.771616603804129,-1.1294054982334067,-1.5992170392698237,-1.5157609268120131,1014668186,16983598,1.0
dclm-baseline-50p-dolma1.7-50p,-1.5866419508412835,0.7668138016516133,-1.130407046747326,-1.636428742669141,-1.5741006191170976,1016778190,16128417,0.9998
dclm-baseline-75p-dolma1.7-25p,-1.6093135868029695,0.7705323602345278,-1.129611171124867,-1.6533828308226277,-1.6075387822024474,1018096504,15565792,0.9997
