recipe,alpha_source,alpha_seed,alpha_ols,alpha_mle,alpha_r2,selected_layer,rho_mean,ev_mean,beta_direct_mean,beta_direct_std,r2_direct,beta_log_mean,beta_log_std,failed_groups
dolma1_7,exact_100b,2,-1.4702872054329363,-1.1283543455158047,0.8055116419279945,6,0.9330888676067812,0.3722170293331146,0.9784238595478683,0.0766371740287424,0.05011600466175666,0.9688543360367553,0.11956873885967081,
dolma1_7-no-code,exact_100b,2,-1.568886108722566,-1.1123199168983948,0.793780111607706,8,0.935081325098392,0.4115750690301259,0.8560714651100733,0.05969296859090895,0.16737407423923892,0.7744020779253352,0.07959784653371658,
dolma1_7-no-math-code,window_1b,,-1.6029638059167708,-1.095872420205004,0.76766782422601,4,0.9445173544028327,0.3449372549851735,0.6182781575553618,0.037422011280858355,0.6342976843999791,0.37247438281542217,0.14095321967458352,
dolma1_7-no-reddit,window_1b,,-1.5037399298424516,-1.127185530798475,0.7708732057849182,8,0.9124367742916997,0.519656221071879,1.3595462822428164,0.05967871648085012,0.4419492360740067,1.7237236171980193,0.27827072372837064,
dolma1_7-no-flan,window_1b,,-1.5487585355844626,-1.1295935948889886,0.7752728650679552,9,0.9310183872604753,0.4669560293356578,1.1973819836636024,0.056183916196493065,0.11991844396840212,1.4652432729103362,0.1662562614499383,
dolma1_6plus,window_1b,,-1.4852237562257191,-1.1221669507176018,0.7776745118856785,9,0.9231140733940285,0.43032504121462506,1.0767805362629053,0.06285586004381444,0.031132970367905893,1.1751131756530455,0.13696205072492182,
c4,exact_100b,2,-1.562534507675033,-1.0743318351415654,0.7702970586406311,7,0.9288783708873048,0.26827946305274963,0.6201172914276777,0.05356207052949233,0.8730935499444982,0.5437062200171588,0.06123952017876349,
fineweb-pro,window_1b,,-1.8015823419140984,-1.0512245046922748,0.7679715679467011,7,0.9251342894478558,0.2996484537919362,0.6617373806810746,0.012258233214798624,0.4692038864262791,0.4186314500915946,0.03434751698976051,
fineweb-edu,window_1b,,-1.725926680223593,-1.0554209680087905,0.7621016930052561,9,0.9568658684648437,0.2890500525633494,0.8947049103882532,0.04017017378705309,0.1655384634319075,0.855807385309696,0.05472178889064108,
falcon,window_1b,,-1.5195404987568704,-1.0895700793029075,0.7748370414173701,9,0.923931687500804,0.3848075071970622,0.792480519666646,0.049932198606724466,0.25034164075339976,0.630256739490051,0.0806483094559783,
falcon-and-cc,window_1b,,-1.6095082477224902,-1.0847444109035413,0.7692621235655362,9,0.9334143133770142,0.3300489087899526,0.6490378400146692,0.04031763926184831,0.7204561437738036,0.5296320066177965,0.046270879933111256,
falcon-and-cc-qc-10p,window_1b,,-1.7290359144959706,-1.1601491781524453,0.7270064190677172,8,0.9221491343519063,0.30555755893389386,0.7134729478581803,0.06735800947096576,0.4101564257804729,0.5347944458080276,0.062366967758252456,
falcon-and-cc-qc-20p,window_1b,,-1.7114350938146394,-1.1402765930474765,0.7505822997542195,8,0.9320479293885047,0.345359742641449,0.7387701783404464,0.0567519472760009,0.4195058071887449,0.6014900854336118,0.057201763486720514,
falcon-and-cc-qc-orig-10p,window_1b,,-1.702369432825554,-1.1579367861876806,0.7515573183752079,8,0.938412220850697,0.3550300697485606,0.7710184094767739,0.05551364806644873,0.3618400903051426,0.6547262645569832,0.05478440558922896,
falcon-and-cc-qc-tulu-10p,window_1b,,-1.7277459239896797,-1.1001220810563683,0.7921724602696563,9,0.9332976545702336,0.3372529049714406,0.9476679495614393,0.040430238813333845,0.0492840185254508,0.9178345230456206,0.05230720265674419,
dclm-baseline,window_1b,,-1.6235774572617272,-1.1293311438656037,0.7734532565166254,8,0.8988899466765915,0.3485851486523946,0.6655407735853359,0.07457987408235267,0.4780645465683449,0.43922404271469967,0.10125906221562271,
dclm-baseline-qc-7p-fw2,window_1b,,-1.6898244576466106,-1.1238853300060987,0.7595964191839135,8,0.9505298566990867,0.38260123133659363,0.8380519351292394,0.04290462466275127,0.2084160534692864,0.7516480382354277,0.05157899707290698,
dclm-baseline-qc-7p-fw3,window_1b,,-1.7375001327057142,-1.1091469686112956,0.7424001152413028,9,0.9249573116436594,0.26052922507127124,0.7500614169581853,0.07881850263006285,0.3659442215696676,0.585304592108443,0.05942109380854881,
dclm-baseline-qc-fw-3p,window_1b,,-1.75856128685452,-1.0939779724836691,0.7327062208626641,9,0.9308439169177228,0.21561521788438162,0.7841466649243806,0.002024729383948576,0.2630889401236905,0.6423431489228265,0.02788864561451645,
dclm-baseline-qc-fw-10p,window_1b,,-1.746171162368485,-1.0921189765202057,0.748171404215529,3,0.938610824115507,0.26782599091529846,0.8091131489176239,0.034060873308418435,0.22072977581608397,0.6889992668529605,0.06763910643193842,
dclm-baseline-qc-10p,window_1b,,-1.6529709412369706,-1.1953703163348228,0.7572235362788091,8,0.9323153831988309,0.3229467570781708,0.717247410131138,0.055781042372069094,0.4146248094513319,0.5509335438656199,0.05381929047897536,
dclm-baseline-qc-20p,window_1b,,-1.6611061531045144,-1.1699312812590987,0.7644515288645453,9,0.9505023649979663,0.31446189681688946,0.7601182259433993,0.055480565255289924,0.5521263478523268,0.6874594556480932,0.05380701191666698,
dclm-baseline-25p-dolma1.7-75p,window_1b,,-1.537109302064386,-1.1294054982334067,0.771616603804129,8,0.9339263695160241,0.4672265648841858,1.1084998623245612,0.05688600099401319,0.07629832559845932,1.195290198503615,0.11545046914258952,
dclm-baseline-50p-dolma1.7-50p,window_1b,,-1.5866419508412835,-1.130407046747326,0.7668138016516133,8,0.9530432795329015,0.39342249433199566,0.952282210574395,0.045861414824524806,0.03866929492820881,0.9259744840175603,0.06715730882251403,
dclm-baseline-75p-dolma1.7-25p,window_1b,,-1.6093135868029695,-1.129611171124867,0.7705323602345278,10,0.9429088695144346,0.378990372021993,0.8409184236491463,0.06646031362869571,0.17884054697198223,0.7408823470040194,0.08871705240285413,
