recipe,family,alpha_ols,old_direct,beta_resid,F01_total_numbers_B,F02_numbers_10_9999_B,F03_share_d1_0_9,F04_share_d2_10_99,F05_share_d3_100_999,F06_share_d4_1000_9999,F07_big_vs_small_d4_over_d2,F08_slope_10_99,F09_slope_100_999,F10_slope_1000_9999,F11_curvature_slope3_minus_slope1,F12_n_numbers_low_lt1k,F13_mass_share_low_lt1k,F12_n_numbers_mid_1k_100k,F13_mass_share_mid_1k_100k,F12_n_numbers_high_ge100k,F13_mass_share_high_ge100k,F14_n_seen_lt_4000,F15_entropy_norm,F16_gini,F17_spikiness_rms_resid,F18_round10_excess,F19_round100_excess,F20_year_share_of_d4,F21_year_excess,F22_pow2_excess,F23_small_1_20_share,F24_last_digit_0_or_5,F25_probe_band_top_over_bottom,F26_probe_band_slope
dolma1_7,dolma,-1.4702872054329363,0.9784238595478684,-0.01433559119429939,1.848383391,1.007277336,0.4548674804663401,0.29215772259663203,0.10480348446281836,0.14798922957861613,0.5065388252048284,-1.3511790289306347,-1.114524136945193,-1.4202413533356275,-0.06906232440499283,0.0,0.0,9262.0,0.07813993841314822,728.0,0.9218600615868517,6384.0,0.6246509084889679,0.9487868153238894,0.7184409884418256,0.6866148811158578,2.4815127967447705,0.7704299863324976,3.4276313261712286,1.1611898631698314,0.48786130214692025,0.3674506451915245,0.05236655869229777,-0.32483103848502176
dolma1_7-no-code,dolma,-1.568886108722566,0.8560714651100733,-0.02624589883774464,1.743497702,1.02030213,0.4147127582505985,0.31422681909562966,0.10429172048315094,0.16668563294728106,0.5304627829891028,-1.3550971466696566,-1.065178213175404,-1.5461844456349383,-0.19108729896528165,988.0,0.000847268641887477,8288.0,0.06830363962878329,714.0,0.9308490917293293,7177.0,0.6147399883010821,0.9569155205714106,0.7955672302240914,0.8431091807576493,2.7574675988123682,0.8123814187007408,3.410736964009699,0.8160131943338833,0.489520383090244,0.373305491384204,0.03474029890899963,-0.37119316485284987
dolma1_7-no-math-code,dolma,-1.5720133514362618,0.6182781575553618,-0.26053633567392054,1.619203834,0.98684192,0.3904638938744015,0.31952535013575073,0.11018643993650525,0.1797494150449251,0.5625513436369238,-1.3741479017891671,-1.049093000068628,-1.5580090566805138,-0.1838611548913467,1202.0,0.0010474169966350842,8080.0,0.070192753870853,708.0,0.9287598291325119,7227.0,0.616498134753388,0.9564001912971716,0.807380720201661,0.8535837756207917,2.7786643838780702,0.8137630078517321,3.3694187016766803,0.727803485502491,0.4759681454657425,0.37518777779525214,0.035064205613194566,-0.36628315186472643
dolma1_7-no-reddit,dolma,-1.4692296962931013,1.3595462822428164,0.365602299905359,1.897101846,1.03553535,0.4539671466852813,0.2917020238880733,0.10494354186612288,0.14920565050148604,0.5115002237993953,-1.34900109801647,-1.1121156308759312,-1.4173997090988866,-0.06839861108241663,0.0,0.0,9242.0,0.07681289972379987,748.0,0.9231871002762001,6279.0,0.6258146856327482,0.9484136318148542,0.7173422318885004,0.6743398902185023,2.4547055761008205,0.7716353324579072,3.4275235597233564,1.166303190069049,0.4851634981752055,0.36332855947409226,0.053031896473589586,-0.3230381044930724
dolma1_7-no-flan,dolma,-1.476348278712925,1.1973819836636024,0.21141163055763346,1.851014983,1.006667186,0.45597080561286846,0.292178047701951,0.10493278594925344,0.1467352158110543,0.5022116376133021,-1.3509400515743468,-1.1138442249777005,-1.427912018720582,-0.07697196714623522,0.0,0.0,9264.0,0.07804044881224528,726.0,0.9219595511877547,6426.0,0.6240648311048661,0.9491491007302254,0.7191006084459167,0.6976102082131159,2.495303577520118,0.7704869980360708,3.442807240172707,1.15876848037961,0.4885715876455442,0.36812793657505793,0.051784800551957146,-0.3262700345862522
dolma1_6plus,dolma,-1.4290428295012545,1.0767805362629053,0.037822651314576516,1.930067077,1.069005605,0.4459452727092966,0.29447867681543793,0.10883508583883274,0.1505559021563477,0.5112624920231741,-1.368705769495444,-1.055651176908857,-1.3505261063349212,0.018179663160522885,0.0,0.0,9210.0,0.07761048642958238,780.0,0.9223895135704177,5707.0,0.6254520161395105,0.9458147777558311,0.7091262566825994,0.7444886399008749,2.477351726512605,0.7616617063510841,3.552045494787063,1.0995282842282492,0.4864598138523659,0.3699540611856754,0.057845094854893434,-0.3097627623923696
c4,c4,-1.562534507675033,0.6201172914276777,-0.2693145945966603,1.396279342,0.888973251,0.3632594587222648,0.32032194815641696,0.11971245507405065,0.1966385204888321,0.6138777614851768,-1.3889294625123856,-1.0585028925107767,-1.5428740491395534,-0.1539445866271678,2032.0,0.0018668300740581,7299.0,0.07269909182003048,659.0,0.9254340781059114,7392.0,0.6136238478424414,0.9572398205528948,0.8492241646147602,0.9587850348079839,2.898485442853376,0.8125505750417945,3.2536774761599156,0.7269053668828559,0.45498697924587644,0.39525012884780264,0.03902818521357739,-0.3538182131163249
fineweb-pro,fineweb,-1.761699229647942,0.6617373806810746,-0.004607160792464371,1.486696974,0.987872673,0.33547925617826674,0.32022017218419385,0.1201761805698005,0.22407844626446385,0.6997636805203254,-1.270478205508754,-1.17051440386121,-2.020428430409966,-0.7499502249012118,3257.0,0.0023537537412981965,5955.0,0.06796149628890484,778.0,0.929684749969797,7433.0,0.6377888597659735,0.9549394270148196,0.8893782901390255,0.6584036688705734,2.5254030004149137,0.7623920462836481,2.6685770442359416,0.3819676855916805,0.42117494684562395,0.37765958528544097,0.025737908533003492,-0.3928828522649282
fineweb-edu,fineweb,-1.698782287676975,0.8947049103882532,0.1578861736228947,1.72002756,1.113785573,0.35239023321230967,0.29773817345112774,0.11413844845602358,0.23566275414796262,0.7915100419148823,-1.3151740759617474,-1.1429534614620593,-1.9519434555040414,-0.636769379542294,1469.0,0.0011037941501510183,7655.0,0.07132499731166836,866.0,0.9275712085381806,7075.0,0.6480769907568912,0.9494883106188334,0.9013364593878045,0.6215519538409903,2.4417508166679114,0.7326227186329347,2.5642304761714145,0.45670806112393764,0.4393304006128832,0.35668647056537156,0.03201630363098512,-0.35601529946028254
falcon,falcon,-1.5051796147810628,0.792480519666646,-0.16119542838817424,1.889602389,1.176543827,0.377297739011273,0.32834141119409854,0.1107855151002352,0.1835140239124666,0.5589122104490881,-1.4525250066907653,-0.9886193441220549,-1.4306419989563106,0.02188300773445473,79.0,6.322841384471434e-05,9058.0,0.061961248129518254,853.0,0.937975523456637,6432.0,0.6160439164798118,0.9534498374651059,0.7742329522483711,0.8006857379306893,2.641177319505098,0.8149824336139745,3.5236654178448377,0.6408767615957444,0.4758530478339695,0.35484552416932613,0.037459709220086436,-0.3539679791934127
falcon-and-cc,falcon,-1.581306386151631,0.6490378400146692,-0.2193673878741773,1.62841567,1.023205477,0.37158556451375835,0.32955101690958305,0.11267483934246346,0.18611830417966932,0.5647632525155687,-1.400798950049357,-1.0551029051444412,-1.5718100416135579,-0.1710110915642009,1249.0,0.0010328609685501125,8013.0,0.06701780487048742,728.0,0.9319493341609625,7155.0,0.6141933828818358,0.9572092759294977,0.8068610915880131,0.8692934521663908,2.778475240815248,0.8210043862542391,3.4683107065612235,0.6602107089055818,0.4684871639683988,0.3717984007624697,0.03376940747076188,-0.36894238998012374
falcon-and-cc-qc-10p,falcon,-1.678636057752109,0.7134729478581803,-0.04591187838390565,0.999463113,0.543418342,0.45612680555225255,0.32424310190625316,0.10830466536687483,0.1111624856934565,0.3428368561734164,-1.35155686042543,-1.1552057819407984,-1.7334725466432965,-0.38191568621786653,6152.0,0.005736455248321375,3422.0,0.087660390381155,416.0,0.9066031543705236,7735.0,0.5937814699292733,0.9643746973297594,0.9055188139656902,1.159647634510018,3.4563191888522753,0.7194578725483832,2.8704912230763715,1.150286997245973,0.5369759063834505,0.4811087569068473,0.02802597423030086,-0.421195896768707
falcon-and-cc-qc-20p,falcon,-1.6793946637057542,0.7387701783404464,-0.019764922176708333,1.101371613,0.626075389,0.4314233809837625,0.3283588697323725,0.11257800594866067,0.1275137558861343,0.38833656599580774,-1.3536890279688818,-1.152621988006062,-1.7609744297841552,-0.4072854018152734,5213.0,0.004941420880545107,4295.0,0.0879144013118203,482.0,0.9071441778076346,7668.0,0.6067457652621031,0.9605780877910833,0.8524481339456556,1.0349346915197564,3.210331276725748,0.7433452930525201,3.013984338307261,0.9985601764394053,0.5198335986166369,0.44283157087971714,0.028351131703800995,-0.4111624504387579
falcon-and-cc-qc-orig-10p,falcon,-1.6481889318747354,0.7710184094767739,-0.022470691829201583,1.16839029,0.63164633,0.4592139754944386,0.31470319904832483,0.10744820037831708,0.1184610443826951,0.3764214813860363,-1.3824549849158878,-1.1005065125069335,-1.7121284710464961,-0.3296734861306083,4830.0,0.004818265943221739,4675.0,0.0897351956434228,485.0,0.9054465384133554,7609.0,0.6073088502332031,0.9593112231435373,0.8326959661287241,0.968242619002612,3.089722643137467,0.7305423586924796,2.983755241339182,1.1934369425930882,0.5379748722492379,0.4329105466345384,0.03161791815905175,-0.40264292253542033
falcon-and-cc-qc-tulu-10p,falcon,-1.6906548900783398,0.9476679495614392,0.20174559479371845,1.748845575,1.043766983,0.403075703239264,0.3042744943332118,0.11351551494190674,0.17904197973568936,0.5884225693252488,-1.2746943528142982,-1.154790573369088,-1.8492388360978138,-0.5745444832835156,1716.0,0.0013562385312584657,7462.0,0.0689169327748318,812.0,0.9297268286939098,7030.0,0.6370277799229981,0.9527084904104638,0.7968488004059525,0.7123888237031802,2.4662403239771744,0.7818535266334853,3.083873017821076,0.8295676221605504,0.4751447376936068,0.3537516007056912,0.03078817060379173,-0.37735390160764337
dclm-baseline,dclm,-1.596472550006821,0.6655407735853359,-0.18587661033214264,1.485166968,0.862733034,0.4190030894896661,0.3301816553733102,0.09509064168736615,0.15562739475094492,0.4713387077031563,-1.5398427826691758,-1.1154115287174728,-1.6574246432696538,-0.11758186060047793,2415.0,0.002221242173972441,6958.0,0.07624059866473132,617.0,0.9215381591612962,7392.0,0.6072381393808618,0.9581495023982467,0.7998912143353086,0.7024153976849902,2.618075626054355,0.7859335728857988,3.2022830626222474,1.0511585688041623,0.5257272588357217,0.35778717614283445,0.027834374398095732,-0.40027699294511077
dclm-baseline-qc-7p-fw2,dclm,-1.6633735574027269,0.8380519351292394,0.061571356986812265,1.658147214,0.946952421,0.42878070414802144,0.3005960416491705,0.10059724286941389,0.16989739609453036,0.5652017077883541,-1.436011824822846,-1.1913233208381044,-1.861772542070834,-0.42576071724798803,2119.0,0.0017633758180127194,7123.0,0.07606297043302031,748.0,0.922173653748967,7194.0,0.632991445369532,0.9522675615538166,0.8716400466069578,0.6250566241007153,2.5657992149763857,0.7202055777711206,2.570298576990101,1.1820687810497852,0.5149582876541865,0.36170515688454,0.030380301008952327,-0.3802920526010028
dclm-baseline-qc-7p-fw3,dclm,-1.71927632481794,0.7500614169581853,0.03619835366558777,1.869255656,1.070676669,0.4271019405170119,0.2789422117442024,0.10634150998123287,0.18749863983292395,0.67217736125526,-1.3815106552148437,-1.209317615240438,-1.9858010542775575,-0.6042903990627138,2007.0,0.0014161670314682088,7109.0,0.07250852311231226,874.0,0.9260753098562196,7106.0,0.6507442845148345,0.9485510397542066,0.9608945228211981,0.6147874475980885,2.6555069513820055,0.669867641728237,2.2112239771325637,1.0587000329412697,0.499833207940819,0.3664829470567272,0.030204125326272573,-0.37044230790564003
dclm-baseline-qc-fw-3p,dclm,-1.7306960659829065,0.7841466649243806,0.0830750222544393,1.97540915,1.162353956,0.41148841646298945,0.27323925780135216,0.1121830431938619,0.20298944955276735,0.7429000180506375,-1.3413632843131118,-1.259512212388192,-2.0168576550977146,-0.6754943707846028,1742.0,0.0011107881496296985,7274.0,0.06709055412721458,974.0,0.9317986577231557,6999.0,0.6602695168467254,0.9462135277789984,1.004448643732447,0.5912372030989957,2.6374968369221907,0.6438220988072597,2.1384987102441095,0.9439537138750242,0.48040468679615056,0.3600801880008399,0.030308367477041746,-0.3634599267496709
dclm-baseline-qc-fw-10p,dclm,-1.7230309513222275,0.8091131489176239,0.09945569818695132,1.867799016,1.120043954,0.4002395255571759,0.28843566432203327,0.11024480055727795,0.20097931885836265,0.6967908054323436,-1.3586282206502023,-1.2231326089743566,-1.98825602460396,-0.6296278039537577,1726.0,0.0012035670521551693,7366.0,0.07067564600237108,898.0,0.9281207869454737,7060.0,0.6533426385448118,0.9482399998723604,0.9461148885178436,0.6050803305387382,2.5860330582472724,0.6827112135691018,2.2586312853062496,0.9860987042437479,0.47821780734892516,0.35443191366041693,0.03030264055736798,-0.37071086045373397
dclm-baseline-qc-10p,dclm,-1.6142139923644727,0.717247410131138,-0.1142975223558712,1.76604276,0.917607127,0.48020842541774017,0.3360586580587664,0.07348950146597809,0.11003559449489207,0.3274297264962899,-1.7897256481085366,-1.112136959249206,-1.6875654653084144,0.10216018280012218,3526.0,0.002819778665472375,5942.0,0.07101004131586262,522.0,0.926170180018665,7548.0,0.5756398221359141,0.9653977978030178,0.8348836431333101,0.6883188271401837,2.6635702130474272,0.7533683499816405,3.218601037892238,1.4906401692943578,0.5993633070356689,0.35076900835797453,0.02568581323561676,-0.429239830042877
dclm-baseline-qc-20p,dclm,-1.6060036352867304,0.7601182259433993,-0.08062324868291781,1.6359918,0.88284226,0.46019436833363103,0.32936366795970495,0.08222818598479528,0.12804548409105718,0.3887662682537363,-1.6786269883987908,-1.125369345179355,-1.6831850647961824,-0.004558076397391586,3142.0,0.002713822285761445,6288.0,0.0754576553686952,560.0,0.9218285223455434,7487.0,0.5917754819345301,0.9616932271305937,0.8402946464530481,0.6847757466862229,2.6396674814497985,0.7577529212360191,3.1483122214581547,1.365161163660089,0.571387014898241,0.3584907772765658,0.028440877989719785,-0.4102964541510118
dclm-baseline-25p-dolma1.7-75p,mix,-1.5130277401356012,1.1084998623245612,0.16361471530971605,1.700669931,0.948697478,0.4420105167367718,0.30658258577748676,0.10127048456647288,0.14998443869117833,0.4892138224707743,-1.425761989752179,-1.1169625164807098,-1.5060373054506506,-0.08027531569847168,207.0,0.00020496628747230632,9103.0,0.07896294418103217,680.0,0.9208320895314955,6894.0,0.618823563877623,0.9521409953664962,0.7392541230559614,0.6952734834317572,2.5242039637797142,0.7750361174564913,3.334495152868636,1.1359214715812098,0.5024490687017386,0.36348911322814753,0.04176854363869391,-0.3517758738644755
dclm-baseline-50p-dolma1.7-50p,mix,-1.5408168089257954,0.952282210574395,0.03852400964986791,1.601720933,0.91032522,0.4315289303895237,0.3168781324780251,0.09913185919509987,0.15233197180173208,0.48072730866746066,-1.4747461666627966,-1.1147022799716113,-1.5601804912488944,-0.08543432458609779,850.0,0.0008332714323788591,8488.0,0.0785462024220311,652.0,0.92062052614559,7132.0,0.6143859232564096,0.9543922672827635,0.7579993382612309,0.6871369930082316,2.549000533389841,0.7786337935137139,3.278025970169797,1.076807290178043,0.5112246997149035,0.361208796346431,0.03589880093033722,-0.3703163151864791
dclm-baseline-75p-dolma1.7-25p,mix,-1.576955554372505,0.8409184236491463,-0.03236023512935593,1.533822869,0.881693035,0.4250586917021642,0.3243884388843338,0.09656954788825749,0.1538756871931866,0.4743562616547305,-1.5108129658441618,-1.117451984448003,-1.618770622431973,-0.10795765658781109,1893.0,0.0017824287338279812,7466.0,0.07650538942955357,631.0,0.9217121818366184,7324.0,0.6099406820051214,0.9569578943405493,0.7856357690955011,0.7059591086563226,2.6018343446200594,0.7846126792812048,3.233113303611174,1.0710538156921798,0.5196515348083521,0.35940512675139824,0.03054024124663482,-0.38953482127877637
