recipe,family,numbers_seen,beta_direct,q_best_beta_direct,data_beta_power_beta_direct,K_best_beta_direct,data_beta_sat_beta_direct,beta_log,q_best_beta_log,data_beta_power_beta_log,K_best_beta_log,data_beta_sat_beta_log
c4,c4,1336229609.0,0.6201172914276777,0.01,9.648183731389725,4466.835921509635,5.78730308359403,0.5437062200171588,0.01,9.648183731389725,3981.0717055349733,5.962280457705159
dclm-baseline,dclm,1423079665.0,0.6655407735853359,0.01,9.642534489592665,4466.835921509635,5.731238997416469,0.43922404271469967,0.01,9.642534489592665,3981.0717055349733,5.903205662196298
dclm-baseline-25p-dolma1.7-75p,mix,1578702525.0,1.1084998623245612,0.01,9.65336625551148,4466.835921509635,6.270482635329856,1.195290198503615,0.01,9.65336625551148,3981.0717055349733,6.449855165623197
dclm-baseline-50p-dolma1.7-50p,mix,1506481895.0,0.952282210574395,0.01,9.64979116366087,4466.835921509635,6.06910354402997,0.9259744840175603,0.01,9.64979116366087,3981.0717055349733,6.246653275342197
dclm-baseline-75p-dolma1.7-25p,mix,1457641427.0,0.8409184236491463,0.01,9.644744985626911,4466.835921509635,5.846350617840991,0.7408823470040194,0.01,9.644744985626911,3981.0717055349733,6.020696363094416
dclm-baseline-qc-10p,dclm,1674193064.0,0.717247410131138,0.01,9.632409060645118,4466.835921509635,5.493481312093021,0.5509335438656199,0.01,9.632409060645118,3981.0717055349733,5.659932787941501
dclm-baseline-qc-20p,dclm,1555960160.0,0.7601182259433993,0.01,9.637392747412893,4466.835921509635,5.5956501862993395,0.6874594556480932,0.01,9.637392747412893,3981.0717055349733,5.763189621365795
dclm-baseline-qc-7p-fw2,dclm,1580825305.0,0.8380519351292394,0.01,9.645464743236518,4466.835921509635,5.8980310354252135,0.7516480382354277,0.01,9.645464743236518,3981.0717055349733,6.064511017739722
dclm-baseline-qc-7p-fw3,dclm,1779127244.0,0.7500614169581853,0.01,9.645895250435926,4466.835921509635,5.984300593504484,0.585304592108443,0.01,9.645895250435926,3981.0717055349733,6.147328575840677
dclm-baseline-qc-fw-10p,dclm,1784790663.0,0.8091131489176239,0.01,9.645419589974484,4466.835921509635,6.045616112327021,0.6889992668529605,0.01,9.645419589974484,3981.0717055349733,6.209881464533972
dclm-baseline-qc-fw-3p,dclm,1881007659.0,0.7841466649243806,0.01,9.64740529556704,4466.835921509635,6.10080995911747,0.6423431489228265,0.01,9.64740529556704,3981.0717055349733,6.26355013327251
dolma1_6plus,dolma,1769839888.0,1.0767805362629053,0.01,9.664824363233679,4466.835921509635,6.835517121189893,1.1751131756530455,0.01,9.664824363233679,3981.0717055349733,7.01347732369071
dolma1_7,dolma,1683557565.0,0.9784238595478683,0.01,9.658533688257911,4466.835921509635,6.559483546954497,0.9688543360367553,0.01,9.658533688257911,3981.0717055349733,6.7397341311212555
dolma1_7-no-code,dolma,1645243983.0,0.8560714651100733,0.01,9.643209035884686,4466.835921509635,6.039376465199515,0.7744020779253352,0.01,9.643209035884686,3981.0717055349733,6.216897101461209
dolma1_7-no-flan,dolma,1685153937.0,1.1973819836636024,0.01,9.657793448221398,4466.835921509635,6.537997228653446,1.4652432729103362,0.01,9.657793448221398,3981.0717055349733,6.718115320684346
dolma1_7-no-math-code,dolma,1539560996.0,0.6182781575553618,0.01,9.645503047522732,4466.835921509635,5.992882137469066,0.37247438281542217,0.01,9.645503047522732,3981.0717055349733,6.16967792525858
dolma1_7-no-reddit,dolma,1725457004.0,1.3595462822428164,0.01,9.658808983460222,4466.835921509635,6.615729530547766,1.7237236171980193,0.01,9.658808983460222,3981.0717055349733,6.795588180409471
falcon,falcon,1808746672.0,0.792480519666646,0.01,9.65377553152659,4466.835921509635,6.523973232422529,0.630256739490051,0.01,9.65377553152659,3981.0717055349733,6.703433320149259
falcon-and-cc,falcon,1558377471.0,0.6490378400146692,0.01,9.644642704917457,4466.835921509635,6.013488691040149,0.5296320066177965,0.01,9.644642704917457,3981.0717055349733,6.189711576689507
falcon-and-cc-qc-10p,falcon,943361301.0,0.7134729478581803,0.01,9.625230496960555,4466.835921509635,4.655880737291661,0.5347944458080276,0.01,9.625230496960555,3981.0717055349733,4.805272174407863
falcon-and-cc-qc-20p,falcon,1046466681.0,0.7387701783404464,0.01,9.63159958751245,4466.835921509635,5.02706359238684,0.6014900854336118,0.01,9.63159958751245,3981.0717055349733,5.184564997677537
falcon-and-cc-qc-orig-10p,falcon,1103741574.0,0.7710184094767739,0.01,9.63493384618611,4466.835921509635,5.15068709225175,0.6547262645569832,0.01,9.63493384618611,3981.0717055349733,5.312541733367192
falcon-and-cc-qc-tulu-10p,falcon,1660448515.0,0.9476679495614393,0.01,9.641270896801691,4466.835921509635,6.027376517191417,0.9178345230456206,0.01,9.641270896801691,3981.0717055349733,6.196778537734105
fineweb-edu,fineweb,1653137834.0,0.8947049103882532,0.01,9.64912013025049,4466.835921509635,6.077473048575654,0.855807385309696,0.01,9.64912013025049,3981.0717055349733,6.2443019363665
fineweb-pro,fineweb,1422013498.0,0.6617373806810746,0.01,9.636586753496958,4466.835921509635,5.63429338823475,0.4186314500915946,0.01,9.636586753496958,3981.0717055349733,5.795478563420717
