recipe,selected_layer,rho_mean,rho_std,ev_mean,ev_std,beta_direct_mean,beta_direct_std,r2_direct,beta_log_mean,beta_log_std,rejection_rate_per_group,failed_groups
dolma1_7,6,0.9330888676067812,0.003538025732028336,0.3722170293331146,0.0030072444839737626,0.9784238595478683,0.0766371740287424,0.05011600466175666,0.9688543360367553,0.11956873885967081,1:0.000;2:0.000;3:0.000;4:0.000,
dolma1_7-no-code,8,0.935081325098392,0.0014378360295583103,0.4115750690301259,0.006610869559534994,0.8560714651100733,0.05969296859090895,0.16737407423923892,0.7744020779253352,0.07959784653371658,1:0.004;2:0.000;3:0.000;4:0.000,
dolma1_7-no-math-code,4,0.9445173544028327,0.017826578205953993,0.3449372549851735,0.015170830889071212,0.6182781575553618,0.037422011280858355,0.6342976843999791,0.37247438281542217,0.14095321967458352,1:0.008;2:0.000;3:0.000;4:0.000,
dolma1_7-no-reddit,8,0.9124367742916997,0.014278949038785738,0.519656221071879,0.010644317563136683,1.3595462822428164,0.05967871648085012,0.4419492360740067,1.7237236171980193,0.27827072372837064,1:0.000;2:0.000;3:0.000;4:0.000,
dolma1_7-no-flan,9,0.9310183872604753,0.012685006221494259,0.4669560293356578,0.011281888829278363,1.1973819836636024,0.056183916196493065,0.11991844396840212,1.4652432729103362,0.1662562614499383,1:0.000;2:0.000;3:0.000;4:0.000,
dolma1_6plus,9,0.9231140733940285,0.006741332297409949,0.43032504121462506,0.007360253244425006,1.0767805362629053,0.06285586004381444,0.031132970367905893,1.1751131756530455,0.13696205072492182,1:0.000;2:0.000;3:0.000;4:0.000,
c4,7,0.9288783708873048,0.002459757731763474,0.26827946305274963,0.005040032171782675,0.6201172914276777,0.05356207052949233,0.8730935499444982,0.5437062200171588,0.06123952017876349,1:0.032;2:0.032;3:0.143;4:0.016,
fineweb-pro,7,0.9251342894478558,0.007243201098418199,0.2996484537919362,0.006694276544408222,0.6617373806810746,0.012258233214798624,0.4692038864262791,0.4186314500915946,0.03434751698976051,1:0.094;2:0.104;3:0.413;4:0.098,
fineweb-edu,9,0.9568658684648437,0.003508099041838036,0.2890500525633494,0.00398138268566759,0.8947049103882532,0.04017017378705309,0.1655384634319075,0.855807385309696,0.05472178889064108,1:0.004;2:0.020;3:0.098;4:0.080,
falcon,9,0.923931687500804,0.017436782448321836,0.3848075071970622,0.007752122150654232,0.792480519666646,0.049932198606724466,0.25034164075339976,0.630256739490051,0.0806483094559783,1:0.012;2:0.004;3:0.028;4:0.004,
falcon-and-cc,9,0.9334143133770142,0.010544032669987517,0.3300489087899526,0.006656138521626565,0.6490378400146692,0.04031763926184831,0.7204561437738036,0.5296320066177965,0.046270879933111256,1:0.004;2:0.016;3:0.024;4:0.004,
falcon-and-cc-qc-10p,8,0.9221491343519063,0.010568690807788368,0.30555755893389386,0.002987677015992319,0.7134729478581803,0.06735800947096576,0.4101564257804729,0.5347944458080276,0.062366967758252456,1:0.004;2:0.012;3:0.070;4:0.070,
falcon-and-cc-qc-20p,8,0.9320479293885047,0.009925687225512141,0.345359742641449,0.00465995489724629,0.7387701783404464,0.0567519472760009,0.4195058071887449,0.6014900854336118,0.057201763486720514,1:0.008;2:0.020;3:0.036;4:0.036,
falcon-and-cc-qc-orig-10p,8,0.938412220850697,0.005249126134428805,0.3550300697485606,0.005215079393257365,0.7710184094767739,0.05551364806644873,0.3618400903051426,0.6547262645569832,0.05478440558922896,1:0.004;2:0.008;3:0.012;4:0.020,
falcon-and-cc-qc-tulu-10p,9,0.9332976545702336,0.012751604660901434,0.3372529049714406,0.008222235537872854,0.9476679495614393,0.040430238813333845,0.0492840185254508,0.9178345230456206,0.05230720265674419,1:0.000;2:0.008;3:0.020;4:0.000,
dclm-baseline,8,0.8988899466765915,0.014118511415586699,0.3485851486523946,0.007495234807065065,0.6655407735853359,0.07457987408235267,0.4780645465683449,0.43922404271469967,0.10125906221562271,1:0.000;2:0.008;3:0.161;4:0.124,
dclm-baseline-qc-7p-fw2,8,0.9505298566990867,0.0029017125633501685,0.38260123133659363,0.011668933554017666,0.8380519351292394,0.04290462466275127,0.2084160534692864,0.7516480382354277,0.05157899707290698,1:0.000;2:0.004;3:0.028;4:0.091,
dclm-baseline-qc-7p-fw3,9,0.9249573116436594,0.012570570952536624,0.26052922507127124,0.013659661642402945,0.7500614169581853,0.07881850263006285,0.3659442215696676,0.585304592108443,0.05942109380854881,1:0.032;2:0.040;3:0.189;4:0.051,
dclm-baseline-qc-fw-3p,9,0.9308439169177228,0.0034998625226538224,0.21561521788438162,0.008128602348151171,0.7841466649243806,0.002024729383948576,0.2630889401236905,0.6423431489228265,0.02788864561451645,1:0.114;2:0.084;3:0.189;4:0.073,
dclm-baseline-qc-fw-10p,3,0.938610824115507,0.010519067087418949,0.26782599091529846,0.002884336832327929,0.8091131489176239,0.034060873308418435,0.22072977581608397,0.6889992668529605,0.06763910643193842,1:0.028;2:0.008;3:0.178;4:0.108,
dclm-baseline-qc-10p,8,0.9323153831988309,0.0022639233931212857,0.3229467570781708,0.009103040043769642,0.717247410131138,0.055781042372069094,0.4146248094513319,0.5509335438656199,0.05381929047897536,1:0.024;2:0.044;3:0.137;4:0.016,
dclm-baseline-qc-20p,9,0.9505023649979663,0.0069891064740389905,0.31446189681688946,0.005741047816167624,0.7601182259433993,0.055480565255289924,0.5521263478523268,0.6874594556480932,0.05380701191666698,1:0.000;2:0.012;3:0.048;4:0.028,
dclm-baseline-25p-dolma1.7-75p,8,0.9339263695160241,0.007559812977863326,0.4672265648841858,0.004285746526935528,1.1084998623245612,0.05688600099401319,0.07629832559845932,1.195290198503615,0.11545046914258952,1:0.000;2:0.000;3:0.000;4:0.000,
dclm-baseline-50p-dolma1.7-50p,8,0.9530432795329015,0.002962004264711768,0.39342249433199566,0.012621257654755533,0.952282210574395,0.045861414824524806,0.03866929492820881,0.9259744840175603,0.06715730882251403,1:0.000;2:0.000;3:0.000;4:0.000,
dclm-baseline-75p-dolma1.7-25p,10,0.9429088695144346,0.00775369318378313,0.378990372021993,0.003692318347932137,0.8409184236491463,0.06646031362869571,0.17884054697198223,0.7408823470040194,0.08871705240285413,1:0.000;2:0.000;3:0.000;4:0.000,
