recipe,layer,old_layer,beta_fine,beta_fine_std,err_fine,beta_coarse,beta_coarse_std,err_coarse,beta_cont,beta_cont_std,r2_cont,beta_fine_oldlayer,beta_coarse_oldlayer,beta_cont_oldlayer,ev,rho
dolma1_7,4,6,0.8765680280686219,0.010907195853668016,0.38822129712342796,0.8469005345399859,0.012936916784199098,0.16761964930211468,0.8313356442616264,0.01104124579449646,0.9689783796614124,0.9530358030430653,0.9381391476767124,0.9158914037394146,0.3832398056983948,0.9833748842831964
dolma1_7-no-code,8,8,0.8588178695378215,0.013344998839792255,0.6844681313583201,0.8259738302718306,0.0175859990072828,0.2755281936872594,0.773073590383595,0.01711551109019311,0.8999734277043238,0.8588178695378215,0.8259738302718306,0.773073590383595,0.40457666913668316,0.9465748182846525
dolma1_7-no-math-code,4,4,0.7181222735117948,0.0011291034716641986,0.7912522898005743,0.6316102857828018,0.017463241203345862,0.059296724834496405,0.5523385050266268,0.012567393524507163,0.8923490696712589,0.7181222735117948,0.6316102857828018,0.5523385050266268,0.3520781993865967,0.9196927405339984
dolma1_7-no-reddit,8,8,1.0625734892390024,0.010982986032314694,0.5042609642731991,1.130192681435087,0.015175459965825654,0.12945473299945243,1.1764504851485855,0.017558114703608258,0.8706253878377958,1.0625734892390024,1.130192681435087,1.1764504851485855,0.5117791295051575,0.9305439147405706
dolma1_7-no-flan,9,9,1.1019026905015064,0.01692346979238835,0.6488923158299595,1.120111602880128,0.02631743972310694,0.3740953834537035,1.1913119071124931,0.021831104531671964,0.887862019289468,1.1019026905015064,1.120111602880128,1.1913119071124931,0.4403940836588542,0.9369287644785494
dolma1_6plus,9,9,0.9332478893181378,0.02371545981828575,0.5499447322342612,1.005861178629744,0.011136949479780642,0.29087839250067354,1.0078348953222196,0.01878859251988435,0.8707367782247464,0.9332478893181378,1.005861178629744,1.0078348953222196,0.4089793960253398,0.9344305118961982
c4,3,7,0.7570927748095976,0.011872321009282621,0.8917305308908294,0.6499351896567132,0.01508329210572157,0.1730316663729481,0.5959947438414083,0.013211270849854918,0.8996264543170004,0.7981448029892405,0.6676298382140704,0.566407798048679,0.27929343779881793,0.9257132167364039
fineweb-pro,7,7,0.7115453997303437,0.018430075616630417,0.9813111361462376,0.6338367273654205,0.04267958965501878,0.2270648279945117,0.5769564668687382,0.02042697716580535,0.8742344877529139,0.7115453997303437,0.6338367273654205,0.5769564668687382,0.29145557681719464,0.9274600647302734
fineweb-edu,9,9,0.8876719473058374,0.010434743387589382,0.5426656311158815,0.8970684934608838,0.021425688696885117,0.2561330835486131,0.8718068249919028,0.01677980969515964,0.9224732566562145,0.8876719473058374,0.8970684934608838,0.8718068249919028,0.2786562343438466,0.9573385523526462
falcon,8,9,0.7493472609686048,0.013901967478335976,0.7599702330851116,0.7494488843113244,0.014610581346280948,0.271546661335004,0.6719527429766429,0.010305177684852179,0.8947063947006777,0.7411689905581023,0.747466584005669,0.6784614362757656,0.3843587835629781,0.9355484054558639
falcon-and-cc,9,9,0.74289951256795,0.04038676422389706,0.8120008591140704,0.6938157186143226,0.04416702367091533,0.16610796635170946,0.6261545721391274,0.02689725399289984,0.8710434927670937,0.74289951256795,0.6938157186143226,0.6261545721391274,0.3173159758249919,0.9279860652737045
falcon-and-cc-qc-10p,3,8,0.8963318973526863,0.006794738471549023,0.49822819008295055,0.835961244436123,0.01771841869811363,0.2504610924191621,0.8758759045983431,0.006407804941481592,0.9464225008968835,0.6598130623168533,0.6756798856765666,0.6012094858258951,0.33372727036476135,0.9675395424991488
falcon-and-cc-qc-20p,8,8,0.7699618137387553,0.021616162028021985,0.7987559917841339,0.7178244856616676,0.021172370289434396,0.2535254828922134,0.6781872099947582,0.01978690792756567,0.8792008318558882,0.7699618137387553,0.7178244856616676,0.6781872099947582,0.3548629979292552,0.9441825088456927
falcon-and-cc-qc-orig-10p,3,8,0.7928452824437509,0.012335342947626364,0.565665634456006,0.7728977094171195,0.013530535398948017,0.17747524792912006,0.7014202621350942,0.00924765387471365,0.9444989708754227,0.7386678360994657,0.7217455930460117,0.6590483058774291,0.37872349222501117,0.9701519869632383
falcon-and-cc-qc-tulu-10p,2,9,1.2681485018370433,0.07275524127994858,1.023231870607726,1.0295529485824673,0.028363282462635434,0.3672836670501341,1.37972269867728,0.0016161408659582834,0.8147948974005566,0.8728270906885728,0.868237245629845,0.8101936070964534,0.37608399987220764,0.9126317181964447
dclm-baseline,8,8,0.6745544349365656,0.0034849935810695527,0.7096242475229904,0.6063557268302179,0.018527043163493913,0.26239896691614484,0.5839219241665846,0.01633326123819448,0.8732879831749042,0.6745544349365656,0.6063557268302179,0.5839219241665846,0.3507668574651082,0.9183481550672462
dclm-baseline-qc-7p-fw2,8,8,0.7242684212513889,0.009428426266282963,0.7700618928495393,0.7527301319660603,0.011820700456443851,0.22894441420004527,0.6693719019213117,0.009441871785430316,0.9039426290267961,0.7242684212513889,0.7527301319660603,0.6693719019213117,0.3817116916179657,0.9490959517896366
dclm-baseline-qc-7p-fw3,3,9,0.9348391396566261,0.013901975426287627,0.5551645428688224,0.7899197819300374,0.01591860662655797,0.3132768566654067,0.8059085295855909,0.016929200065293897,0.9161021779716974,0.6163609372372257,0.6623531117866134,0.604842162021758,0.2537025213241577,0.9456517944818327
dclm-baseline-qc-fw-3p,2,9,1.0458372785458632,0.05481540110226431,0.6951952467945152,0.9319460035396725,0.04239487809631758,0.274481139168741,1.0645685789103019,0.05278397910303279,0.8688375465387228,0.6788637603996516,0.648940424155985,0.5699140994735066,0.21880284448464712,0.9379807858807315
dclm-baseline-qc-fw-10p,3,3,0.8092002562936932,0.008794982805936966,0.5381806242928743,0.7657728086751004,0.01362912678101162,0.31637911579464595,0.7558147359139706,0.008333042852029796,0.9377365505403453,0.8092002562936932,0.7657728086751004,0.7558147359139706,0.2817130386829376,0.958592436203197
dclm-baseline-qc-10p,8,8,0.7438700743812751,0.0028505337168240603,0.6706815688110418,0.667961716251431,0.0030359062543095575,0.17432847252041314,0.6573520630539454,0.0166495215880433,0.8926517668244403,0.7438700743812751,0.667961716251431,0.6573520630539454,0.30893593033154804,0.9436836712667893
dclm-baseline-qc-20p,9,9,0.8081733391298856,0.002655004926395145,0.632599411560708,0.7493996192011152,0.010231073613361626,0.11729219027180744,0.7174996163828277,0.011421577152446558,0.910284049234131,0.8081733391298856,0.7493996192011152,0.7174996163828277,0.3031908373037974,0.955014286900355
dclm-baseline-25p-dolma1.7-75p,8,8,1.0477841997087805,0.014890250001681421,0.5498059354574779,1.027473993799793,0.006930755105343753,0.2563274929110942,1.1005458654017068,0.026514681093476718,0.8894572422823442,1.0477841997087805,1.027473993799793,1.1005458654017068,0.4631145695845286,0.9420581368618731
dclm-baseline-50p-dolma1.7-50p,8,8,0.8640883698779033,0.002195024140758189,0.48813235721004955,0.8226593867960857,0.015360444169156478,0.24971932183693513,0.8312146141970681,0.018150932261727405,0.9136770922306928,0.8640883698779033,0.8226593867960857,0.8312146141970681,0.381243755420049,0.9537495254625385
dclm-baseline-75p-dolma1.7-25p,10,10,0.8232301756363275,0.005680860068643221,0.4636031907322062,0.785246721781346,0.012123635477187436,0.23364935134763617,0.7622455700832927,0.018189341099640523,0.9175808175969343,0.8232301756363275,0.785246721781346,0.7622455700832927,0.3655828336874644,0.9544433319466363
