number,count
0,1535731
1,1749033
2,1283878
3,844607
4,640058
5,677545
6,431530
7,360639
8,361055
9,277763
10,493288
11,205443
12,259019
13,142770
14,145277
15,213382
16,149874
17,118256
18,136905
19,143737
20,249181
21,101585
22,96733
23,86528
24,127452
25,145781
26,72675
27,70979
28,75841
29,63675
30,220323
31,64746
32,57884
33,43144
34,39284
35,60936
36,41736
37,36084
38,34191
39,39269
40,103522
41,29181
42,34267
43,28008
44,30630
45,54768
46,26508
47,26232
48,35664
49,27099
50,157318
51,25966
52,27315
53,22737
54,23744
55,32397
56,23723
57,22778
58,22028
59,22138
60,75050
61,16174
62,17334
63,16567
64,29150
65,27769
66,17258
67,16298
68,15637
69,15135
70,48175
71,14333
72,20112
73,14265
74,14199
75,39932
76,13885
77,13670
78,13987
79,12921
80,56336
81,13054
82,13189
83,13098
84,13763
85,21069
86,12549
87,12140
88,13791
89,12272
90,53896
91,12291
92,12945
93,14104
94,12561
95,34866
96,14883
97,13537
98,15202
99,38017
100,183792
101,11836
102,7265
103,6234
104,6269
105,7568
106,6190
107,5526
108,5677
109,5070
110,11500
111,6840
112,5659
113,4557
114,4789
115,6231
116,4862
117,4316
118,4640
119,4234
120,19140
121,4498
122,4492
123,6931
124,4217
125,9920
126,4238
127,7099
128,9333
129,4200
130,9670
131,3739
132,3997
133,3660
134,3409
135,5136
136,3449
137,3300
138,3395
139,3309
140,10395
141,3152
142,3266
143,3736
144,3886
145,4315
146,3010
147,3005
148,3026
149,3237
150,28439
151,2988
152,3103
153,3105
154,2788
155,3734
156,2899
157,2848
158,2820
159,2678
160,11083
161,2913
162,2783
163,2553
164,2582
165,3980
166,2560
167,2591
168,5663
169,2821
170,6070
171,2557
172,3708
173,2510
174,2491
175,4904
176,2677
177,2667
178,2410
179,2580
180,12397
181,2540
182,2980
183,2826
184,2289
185,3463
186,2190
187,2434
188,2230
189,2368
190,4592
191,2744
192,5756
193,2259
194,2149
195,3241
196,2162
197,2202
198,2182
199,3054
200,63524
201,4174
202,3827
203,3198
204,3253
205,3423
206,3210
207,2543
208,2915
209,2395
210,4762
211,2743
212,3444
213,2401
214,2605
215,3438
216,2447
217,2352
218,2338
219,2167
220,5852
221,2486
222,3040
223,2427
224,3075
225,4323
226,2142
227,2080
228,2513
229,2041
230,4627
231,2462
232,2444
233,2818
234,2233
235,2710
236,2016
237,1819
238,2116
239,1983
240,6431
241,2101
242,2200
243,2185
244,2178
245,2379
246,2133
247,1956
248,2004
249,2042
250,22543
251,1858
252,2405
253,1837
254,2302
255,16848
256,6865
257,1644
258,1651
259,1559
260,3632
261,1486
262,1822
263,1568
264,2673
265,2135
266,1534
267,1565
268,1473
269,1587
270,4141
271,1686
272,1607
273,1720
274,1435
275,2897
276,1468
277,1512
278,1396
279,1483
280,3932
281,1561
282,1376
283,1411
284,1466
285,1886
286,1354
287,1383
288,1721
289,1496
290,2470
291,1408
292,1411
293,1510
294,1301
295,1915
296,1303
297,1304
298,1470
299,2061
300,40341
301,2850
302,2324
303,2549
304,2202
305,2246
306,1900
307,1581
308,1933
309,1338
310,3020
311,1890
312,1902
313,1543
314,1395
315,2173
316,1713
317,1502
318,1407
319,1459
320,4144
321,1680
322,1683
323,1611
324,1371
325,2550
326,1309
327,1238
328,1381
329,1231
330,3253
331,1372
332,1263
333,2826
334,1319
335,1605
336,1447
337,1224
338,1325
339,1100
340,2571
341,1222
342,1400
343,1452
344,1377
345,1904
346,1296
347,1304
348,1093
349,1285
350,11073
351,1260
352,1419
353,1175
354,1179
355,1600
356,1202
357,1348
358,1131
359,1183
360,11282
361,1147
362,1118
363,1176
364,1182
365,6763
366,1249
367,1058
368,1098
369,1088
370,1988
371,1122
372,1090
373,1111
374,956
375,3150
376,1053
377,1170
378,1033
379,999
380,2305
381,998
382,976
383,1061
384,1417
385,1303
386,1103
387,1049
388,941
389,972
390,1718
391,967
392,925
393,859
394,828
395,1280
396,974
397,969
398,899
399,1600
400,32225
401,3560
402,1523
403,2303
404,4234
405,1760
406,1398
407,1146
408,1249
409,1244
410,2185
411,1335
412,1283
413,1024
414,1184
415,1593
416,1315
417,1045
418,964
419,1122
420,2657
421,1163
422,1390
423,1054
424,1164
425,2009
426,966
427,1088
428,883
429,1100
430,1874
431,922
432,1095
433,1022
434,856
435,1256
436,868
437,839
438,934
439,830
440,2058
441,1036
442,861
443,1990
444,1344
445,1086
446,1052
447,858
448,988
449,959
450,6712
451,1108
452,892
453,797
454,928
455,1076
456,1573
457,930
458,1046
459,748
460,1796
461,835
462,852
463,781
464,830
465,1113
466,794
467,826
468,815
469,835
470,1468
471,854
472,813
473,778
474,747
475,1575
476,836
477,873
478,748
479,829
480,3638
481,784
482,753
483,826
484,819
485,1146
486,926
487,797
488,1157
489,734
490,1473
491,756
492,766
493,687
494,672
495,1239
496,782
497,723
498,756
499,1544
500,65535
501,2786
502,1408
503,1334
504,1433
505,1222
506,859
507,857
508,1168
509,1011
510,1919
511,1060
512,3743
513,853
514,1023
515,1060
516,898
517,887
518,811
519,835
520,1961
521,866
522,821
523,823
524,800
525,1423
526,811
527,786
528,829
529,1127
530,1656
531,806
532,911
533,868
534,722
535,933
536,789
537,945
538,774
539,752
540,1753
541,866
542,699
543,748
544,769
545,922
546,712
547,628
548,698
549,737
550,3986
551,699
552,758
553,829
554,636
555,1531
556,749
557,793
558,656
559,708
560,1755
561,797
562,776
563,637
564,687
565,829
566,697
567,737
568,698
569,665
570,1503
571,705
572,632
573,695
574,704
575,1184
576,701
577,669
578,616
579,623
580,1522
581,645
582,620
583,638
584,624
585,794
586,700
587,729
588,664
589,570
590,1019
591,568
592,704
593,633
594,686
595,874
596,614
597,582
598,627
599,1006
600,21187
601,961
602,934
603,830
604,921
605,865
606,840
607,707
608,917
609,678
610,1406
611,695
612,915
613,746
614,697
615,952
616,779
617,1131
618,768
619,697
620,1535
621,756
622,689
623,659
624,728
625,1629
626,801
627,629
628,671
629,598
630,1521
631,755
632,729
633,680
634,625
635,800
636,741
637,582
638,640
639,721
640,2152
641,608
642,750
643,616
644,816
645,816
646,700
647,712
648,569
649,708
650,4042
651,700
652,646
653,597
654,535
655,741
656,746
657,601
658,600
659,598
660,1464
661,666
662,637
663,548
664,579
665,799
666,1462
667,788
668,622
669,536
670,1066
671,673
672,573
673,558
674,537
675,987
676,472
677,569
678,670
679,653
680,1245
681,553
682,643
683,529
684,536
685,655
686,556
687,575
688,577
689,618
690,873
691,531
692,550
693,464
694,489
695,756
696,522
697,460
698,486
699,835
700,14192
701,904
702,977
703,818
704,706
705,730
706,685
707,807
708,678
709,581
710,1096
711,653
712,598
713,669
714,747
715,764
716,643
717,673
718,710
719,538
720,2018
721,579
722,631
723,487
724,620
725,888
726,548
727,714
728,660
729,623
730,1165
731,561
732,674
733,686
734,621
735,686
736,540
737,1264
738,525
739,532
740,1128
741,554
742,548
743,517
744,622
745,777
746,453
747,965
748,530
749,565
750,5899
751,629
752,603
753,535
754,640
755,880
756,549
757,744
758,483
759,443
760,1186
761,526
762,505
763,465
764,586
765,707
766,445
767,925
768,1130
769,465
770,1076
771,537
772,539
773,605
774,541
775,944
776,626
777,1641
778,549
779,490
780,1090
781,604
782,510
783,465
784,561
785,662
786,589
787,932
788,493
789,628
790,780
791,440
792,516
793,494
794,561
795,656
796,515
797,535
798,464
799,855
800,21893
801,934
802,2679
803,575
804,633
805,791
806,562
807,510
808,987
809,521
810,955
811,608
812,778
813,566
814,537
815,757
816,588
817,599
818,654
819,449
820,1077
821,519
822,568
823,511
824,559
825,803
826,495
827,487
828,616
829,480
830,893
831,547
832,552
833,738
834,452
835,615
836,453
837,528
838,445
839,466
840,1233
841,518
842,521
843,593
844,743
845,900
846,451
847,578
848,464
849,476
850,3042
851,458
852,589
853,472
854,462
855,1003
856,509
857,470
858,633
859,482
860,1004
861,521
862,491
863,500
864,579
865,635
866,1274
867,453
868,526
869,419
870,904
871,503
872,476
873,446
874,396
875,1017
876,483
877,1173
878,411
879,446
880,980
881,486
882,414
883,492
884,477
885,597
886,526
887,503
888,2483
889,462
890,789
891,525
892,519
893,452
894,423
895,691
896,470
897,441
898,584
899,664
900,9611
901,782
902,616
903,543
904,579
905,741
906,518
907,630
908,595
909,587
910,862
911,3976
912,663
913,468
914,596
915,682
916,662
917,611
918,555
919,680
920,1334
921,461
922,503
923,496
924,492
925,809
926,596
927,487
928,568
929,493
930,939
931,436
932,482
933,498
934,406
935,545
936,434
937,564
938,400
939,462
940,854
941,537
942,445
943,446
944,620
945,583
946,548
947,474
948,434
949,577
950,1965
951,499
952,548
953,444
954,563
955,538
956,459
957,393
958,460
959,395
960,1220
961,410
962,416
963,520
964,611
965,458
966,415
967,446
968,490
969,374
970,1093
971,492
972,574
973,708
974,485
975,758
976,552
977,442
978,1949
979,430
980,964
981,511
982,724
983,434
984,467
985,538
986,489
987,647
988,582
989,408
990,1372
991,472
992,463
993,433
994,530
995,928
996,548
997,549
998,616
999,3900
1000,29471
1001,1151
1002,995
1003,384
1004,316
1005,317
1006,299
1007,1057
1008,282
1009,212
1010,669
1011,354
1012,272
1013,209
1014,240
1015,316
1016,2033
1017,291
1018,171
1019,163
1020,492
1021,405
1022,204
1023,455
1024,3763
1025,304
1026,218
1027,182
1028,250
1029,369
1030,357
1031,424
1032,165
1033,213
1034,158
1035,226
1036,149
1037,199
1038,714
1039,187
1040,514
1041,177
1042,235
1043,169
1044,141
1045,188
1046,239
1047,126
1048,167
1049,189
1050,612
1051,205
1052,133
1053,192
1054,196
1055,224
1056,237
1057,154
1058,160
1059,128
1060,426
1061,178
1062,161
1063,191
1064,197
1065,207
1066,313
1067,142
1068,175
1069,159
1070,473
1071,177
1072,174
1073,290
1074,159
1075,143
1076,164
1077,179
1078,141
1079,152
1080,1668
1081,166
1082,132
1083,163
1084,144
1085,141
1086,270
1087,137
1088,273
1089,204
1090,217
1091,121
1092,128
1093,520
1094,170
1095,252
1096,226
1097,313
1098,201
1099,677
1100,1877
1101,469
1102,199
1103,275
1104,158
1105,206
1106,168
1107,142
1108,159
1109,299
1110,320
1111,1168
1112,201
1113,170
1114,157
1115,341
1116,197
1117,166
1118,148
1119,147
1120,292
1121,175
1122,200
1123,143
1124,128
1125,268
1126,289
1127,130
1128,262
1129,130
1130,285
1131,157
1132,145
1133,118
1134,105
1135,150
1136,279
1137,126
1138,116
1139,130
1140,227
1141,117
1142,180
1143,132
1144,123
1145,258
1146,184
1147,124
1148,134
1149,148
1150,408
1151,159
1152,163
1153,128
1154,137
1155,269
1156,145
1157,108
1158,142
1159,131
1160,187
1161,136
1162,120
1163,115
1164,117
1165,133
1166,111
1167,143
1168,126
1169,126
1170,236
1171,117
1172,155
1173,114
1174,158
1175,192
1176,127
1177,311
1178,117
1179,145
1180,204
1181,98
1182,134
1183,95
1184,137
1185,152
1186,498
1187,107
1188,134
1189,145
1190,161
1191,120
1192,180
1193,93
1194,145
1195,98
1196,98
1197,119
1198,108
1199,194
1200,4350
1201,244
1202,204
1203,212
1204,205
1205,174
1206,197
1207,150
1208,123
1209,137
1210,245
1211,143
1212,225
1213,176
1214,139
1215,263
1216,220
1217,162
1218,137
1219,130
1220,268
1221,157
1222,188
1223,206
1224,173
1225,255
1226,180
1227,135
1228,137
1229,130
1230,233
1231,156
1232,158
1233,115
1234,1317
1235,201
1236,133
1237,129
1238,127
1239,113
1240,232
1241,195
1242,152
1243,138
1244,156
1245,211
1246,103
1247,119
1248,106
1249,133
1250,721
1251,138
1252,160
1253,150
1254,144
1255,137
1256,171
1257,117
1258,113
1259,146
1260,298
1261,135
1262,103
1263,131
1264,101
1265,96
1266,127
1267,110
1268,105
1269,98
1270,210
1271,143
1272,114
1273,205
1274,129
1275,185
1276,100
1277,124
1278,91
1279,154
1280,643
1281,109
1282,128
1283,114
1284,133
1285,137
1286,87
1287,109
1288,104
1289,137
1290,182
1291,161
1292,121
1293,128
1294,106
1295,181
1296,139
1297,111
1298,112
1299,186
1300,2065
1301,486
1302,167
1303,162
1304,135
1305,140
1306,129
1307,292
1308,132
1309,140
1310,258
1311,133
1312,152
1313,208
1314,149
1315,180
1316,185
1317,126
1318,110
1319,111
1320,231
1321,136
1322,146
1323,128
1324,133
1325,241
1326,110
1327,152
1328,120
1329,124
1330,196
1331,130
1332,156
1333,203
1334,123
1335,157
1336,131
1337,365
1338,143
1339,111
1340,205
1341,105
1342,127
1343,148
1344,150
1345,138
1346,143
1347,113
1348,160
1349,122
1350,447
1351,192
1352,117
1353,106
1354,112
1355,138
1356,119
1357,113
1358,106
1359,97
1360,189
1361,123
1362,103
1363,104
1364,118
1365,255
1366,238
1367,98
1368,157
1369,117
1370,169
1371,594
1372,107
1373,149
1374,137
1375,142
1376,99
1377,149
1378,90
1379,96
1380,195
1381,112
1382,119
1383,91
1384,114
1385,116
1386,113
1387,124
1388,130
1389,91
1390,161
1391,123
1392,148
1393,85
1394,204
1395,133
1396,112
1397,116
1398,121
1399,182
1400,1892
1401,194
1402,158
1403,115
1404,139
1405,224
1406,128
1407,110
1408,143
1409,127
1410,242
1411,137
1412,118
1413,96
1414,112
1415,187
1416,111
1417,106
1418,104
1419,90
1420,231
1421,94
1422,120
1423,103
1424,102
1425,134
1426,69
1427,95
1428,115
1429,135
1430,200
1431,117
1432,119
1433,188
1434,92
1435,111
1436,91
1437,91
1438,109
1439,93
1440,515
1441,148
1442,135
1443,122
1444,123
1445,105
1446,113
1447,140
1448,91
1449,104
1450,390
1451,113
1452,134
1453,190
1454,93
1455,127
1456,104
1457,101
1458,103
1459,100
1460,193
1461,141
1462,99
1463,90
1464,110
1465,104
1466,93
1467,124
1468,122
1469,127
1470,154
1471,212
1472,128
1473,118
1474,93
1475,133
1476,121
1477,102
1478,80
1479,108
1480,195
1481,87
1482,120
1483,177
1484,111
1485,142
1486,97
1487,106
1488,110
1489,107
1490,160
1491,131
1492,275
1493,144
1494,123
1495,167
1496,104
1497,132
1498,117
1499,161
1500,5776
1501,226
1502,183
1503,146
1504,143
1505,136
1506,117
1507,122
1508,108
1509,172
1510,193
1511,175
1512,167
1513,170
1514,125
1515,202
1516,179
1517,165
1518,100
1519,163
1520,362
1521,319
1522,166
1523,143
1524,151
1525,196
1526,136
1527,150
1528,128
1529,150
1530,226
1531,133
1532,112
1533,139
1534,129
1535,187
1536,302
1537,134
1538,174
1539,150
1540,248
1541,150
1542,159
1543,142
1544,112
1545,146
1546,103
1547,154
1548,136
1549,164
1550,457
1551,131
1552,142
1553,136
1554,133
1555,186
1556,174
1557,144
1558,152
1559,194
1560,224
1561,123
1562,140
1563,133
1564,179
1565,167
1566,118
1567,114
1568,142
1569,121
1570,202
1571,137
1572,141
1573,146
1574,121
1575,170
1576,134
1577,123
1578,105
1579,107
1580,247
1581,130
1582,159
1583,124
1584,144
1585,138
1586,118
1587,123
1588,155
1589,119
1590,217
1591,200
1592,154
1593,127
1594,108
1595,138
1596,121
1597,117
1598,182
1599,173
1600,2567
1601,234
1602,213
1603,308
1604,191
1605,215
1606,196
1607,232
1608,143
1609,205
1610,285
1611,281
1612,171
1613,139
1614,138
1615,150
1616,214
1617,135
1618,194
1619,235
1620,308
1621,204
1622,177
1623,199
1624,169
1625,261
1626,205
1627,143
1628,175
1629,152
1630,261
1631,138
1632,186
1633,157
1634,189
1635,180
1636,181
1637,153
1638,166
1639,166
1640,550
1641,165
1642,231
1643,161
1644,213
1645,185
1646,129
1647,144
1648,252
1649,174
1650,538
1651,163
1652,163
1653,140
1654,164
1655,165
1656,142
1657,166
1658,145
1659,139
1660,485
1661,182
1662,185
1663,157
1664,203
1665,175
1666,216
1667,172
1668,179
1669,136
1670,236
1671,143
1672,174
1673,126
1674,136
1675,189
1676,174
1677,156
1678,167
1679,171
1680,264
1681,138
1682,181
1683,169
1684,130
1685,189
1686,148
1687,169
1688,239
1689,220
1690,244
1691,147
1692,199
1693,124
1694,170
1695,175
1696,144
1697,157
1698,130
1699,178
1700,1647
1701,286
1702,228
1703,205
1704,195
1705,199
1706,200
1707,231
1708,188
1709,232
1710,279
1711,193
1712,161
1713,164
1714,178
1715,253
1716,177
1717,209
1718,217
1719,178
1720,299
1721,174
1722,210
1723,193
1724,150
1725,199
1726,138
1727,169
1728,183
1729,158
1730,279
1731,147
1732,170
1733,178
1734,148
1735,209
1736,170
1737,212
1738,176
1739,172
1740,283
1741,212
1742,198
1743,178
1744,194
1745,291
1746,236
1747,179
1748,187
1749,199
1750,721
1751,184
1752,193
1753,209
1754,224
1755,272
1756,212
1757,235
1758,295
1759,250
1760,385
1761,210
1762,241
1763,257
1764,247
1765,260
1766,222
1767,191
1768,258
1769,270
1770,402
1771,219
1772,321
1773,255
1774,363
1775,575
1776,751
1777,381
1778,293
1779,245
1780,475
1781,338
1782,258
1783,355
1784,311
1785,292
1786,286
1787,432
1788,409
1789,711
1790,496
1791,455
1792,473
1793,426
1794,360
1795,447
1796,403
1797,380
1798,438
1799,425
1800,3690
1801,618
1802,477
1803,562
1804,525
1805,453
1806,514
1807,432
1808,485
1809,581
1810,556
1811,490
1812,1066
1813,498
1814,617
1815,761
1816,470
1817,566
1818,584
1819,534
1820,864
1821,562
1822,524
1823,432
1824,549
1825,588
1826,510
1827,422
1828,568
1829,503
1830,1153
1831,586
1832,697
1833,637
1834,636
1835,733
1836,754
1837,863
1838,728
1839,630
1840,1147
1841,691
1842,703
1843,730
1844,730
1845,726
1846,779
1847,724
1848,1009
1849,846
1850,1694
1851,1167
1852,753
1853,778
1854,815
1855,901
1856,774
1857,905
1858,904
1859,908
1860,1537
1861,1392
1862,1144
1863,1318
1864,1211
1865,1524
1866,983
1867,1003
1868,926
1869,1039
1870,1636
1871,1122
1872,995
1873,986
1874,973
1875,1018
1876,1230
1877,913
1878,1036
1879,1101
1880,1834
1881,1193
1882,1118
1883,1151
1884,1089
1885,1227
1886,1118
1887,1207
1888,1425
1889,1242
1890,1898
1891,1280
1892,1285
1893,1373
1894,1201
1895,1314
1896,1328
1897,1221
1898,1413
1899,1356
1900,3830
1901,1744
1902,1637
1903,2126
1904,1563
1905,1799
1906,1793
1907,1679
1908,1840
1909,1667
1910,2423
1911,2414
1912,2168
1913,2002
1914,2938
1915,2216
1916,2271
1917,2604
1918,2984
1919,2415
1920,3833
1921,2046
1922,2111
1923,1986
1924,1921
1925,2055
1926,2142
1927,2151
1928,2085
1929,2439
1930,3299
1931,2174
1932,2106
1933,2726
1934,2348
1935,2403
1936,2671
1937,2577
1938,2792
1939,3398
1940,4057
1941,3377
1942,3003
1943,2769
1944,3221
1945,4636
1946,3157
1947,3249
1948,3806
1949,3347
1950,5307
1951,3143
1952,3336
1953,3116
1954,3166
1955,3614
1956,3556
1957,3554
1958,3489
1959,3637
1960,6036
1961,4110
1962,4343
1963,4496
1964,4978
1965,5164
1966,5010
1967,5668
1968,6200
1969,5989
1970,8449
1971,5913
1972,6512
1973,6526
1974,6215
1975,6659
1976,6796
1977,6689
1978,6986
1979,7429
1980,10936
1981,7316
1982,7866
1983,8028
1984,9003
1985,8918
1986,9540
1987,9322
1988,10328
1989,11283
1990,14490
1991,12501
1992,13421
1993,13854
1994,15148
1995,16764
1996,17536
1997,18523
1998,21210
1999,25002
2000,41535
2001,29305
2002,29074
2003,33571
2004,35959
2005,40497
2006,46294
2007,54635
2008,68444
2009,63212
2010,73368
2011,74261
2012,83084
2013,83962
2014,84425
2015,87559
2016,93016
2017,97751
2018,100093
2019,99788
2020,99214
2021,70778
2022,47048
2023,8600
2024,2721
2025,2884
2026,1184
2027,900
2028,680
2029,405
2030,3788
2031,329
2032,245
2033,165
2034,128
2035,486
2036,125
2037,93
2038,96
2039,101
2040,656
2041,131
2042,126
2043,71
2044,76
2045,251
2046,75
2047,142
2048,1105
2049,196
2050,1781
2051,76
2052,102
2053,59
2054,79
2055,90
2056,68
2057,61
2058,41
2059,36
2060,270
2061,64
2062,40
2063,77
2064,70
2065,77
2066,69
2067,47
2068,53
2069,69
2070,306
2071,75
2072,60
2073,58
2074,68
2075,96
2076,78
2077,355
2078,49
2079,56
2080,275
2081,52
2082,39
2083,54
2084,58
2085,58
2086,27
2087,42
2088,61
2089,48
2090,103
2091,50
2092,43
2093,34
2094,56
2095,46
2096,27
2097,45
2098,42
2099,168
2100,1063
2101,114
2102,85
2103,86
2104,101
2105,137
2106,82
2107,97
2108,85
2109,86
2110,371
2111,254
2112,142
2113,66
2114,93
2115,90
2116,76
2117,51
2118,68
2119,70
2120,145
2121,119
2122,96
2123,64
2124,90
2125,74
2126,58
2127,50
2128,51
2129,51
2130,118
2131,85
2132,45
2133,115
2134,67
2135,85
2136,48
2137,54
2138,77
2139,71
2140,114
2141,58
2142,74
2143,51
2144,53
2145,49
2146,36
2147,57
2148,45
2149,65
2150,163
2151,53
2152,78
2153,48
2154,43
2155,95
2156,54
2157,50
2158,37
2159,46
2160,222
2161,43
2162,59
2163,36
2164,64
2165,52
2166,41
2167,51
2168,38
2169,50
2170,63
2171,53
2172,53
2173,45
2174,81
2175,91
2176,63
2177,49
2178,31
2179,51
2180,57
2181,189
2182,31
2183,34
2184,39
2185,33
2186,34
2187,48
2188,48
2189,41
2190,52
2191,42
2192,42
2193,52
2194,55
2195,58
2196,62
2197,48
2198,50
2199,68
2200,792
2201,100
2202,76
2203,64
2204,65
2205,85
2206,62
2207,61
2208,85
2209,54
2210,91
2211,86
2212,89
2213,64
2214,65
2215,128
2216,43
2217,55
2218,43
2219,62
2220,91
2221,84
2222,229
2223,85
2224,60
2225,75
2226,52
2227,55
2228,57
2229,57
2230,98
2231,63
2232,41
2233,56
2234,67
2235,47
2236,42
2237,40
2238,63
2239,41
2240,97
2241,59
2242,40
2243,41
2244,62
2245,60
2246,55
2247,37
2248,39
2249,47
2250,219
2251,96
2252,65
2253,41
2254,77
2255,154
2256,48
2257,62
2258,35
2259,54
2260,51
2261,33
2262,33
2263,55
2264,55
2265,61
2266,51
2267,51
2268,48
2269,64
2270,55
2271,40
2272,55
2273,71
2274,32
2275,55
2276,37
2277,49
2278,51
2279,31
2280,92
2281,61
2282,44
2283,40
2284,51
2285,58
2286,47
2287,46
2288,51
2289,38
2290,59
2291,37
2292,29
2293,42
2294,31
2295,45
2296,36
2297,34
2298,28
2299,54
2300,637
2301,103
2302,42
2303,44
2304,106
2305,76
2306,57
2307,99
2308,46
2309,46
2310,92
2311,72
2312,75
2313,48
2314,40
2315,54
2316,56
2317,51
2318,54
2319,75
2320,75
2321,43
2322,93
2323,82
2324,42
2325,75
2326,54
2327,56
2328,50
2329,44
2330,73
2331,51
2332,46
2333,85
2334,65
2335,30
2336,52
2337,71
2338,29
2339,38
2340,115
2341,40
2342,54
2343,51
2344,65
2345,167
2346,53
2347,46
2348,43
2349,44
2350,113
2351,62
2352,66
2353,50
2354,58
2355,53
2356,52
2357,42
2358,32
2359,44
2360,110
2361,40
2362,34
2363,27
2364,32
2365,28
2366,63
2367,48
2368,36
2369,37
2370,61
2371,38
2372,43
2373,40
2374,41
2375,75
2376,75
2377,42
2378,51
2379,89
2380,87
2381,53
2382,35
2383,35
2384,76
2385,60
2386,29
2387,29
2388,60
2389,37
2390,41
2391,46
2392,27
2393,29
2394,26
2395,38
2396,31
2397,47
2398,40
2399,39
2400,946
2401,91
2402,46
2403,47
2404,50
2405,50
2406,33
2407,41
2408,41
2409,39
2410,58
2411,54
2412,84
2413,44
2414,63
2415,33
2416,45
2417,39
2418,61
2419,43
2420,58
2421,33
2422,34
2423,46
2424,49
2425,67
2426,36
2427,36
2428,41
2429,33
2430,40
2431,38
2432,37
2433,33
2434,34
2435,40
2436,30
2437,37
2438,49
2439,33
2440,53
2441,32
2442,40
2443,41
2444,53
2445,43
2446,33
2447,30
2448,48
2449,37
2450,113
2451,42
2452,34
2453,26
2454,53
2455,35
2456,43
2457,30
2458,45
2459,45
2460,87
2461,26
2462,37
2463,40
2464,37
2465,52
2466,22
2467,35
2468,44
2469,29
2470,46
2471,47
2472,37
2473,33
2474,61
2475,41
2476,39
2477,31
2478,40
2479,30
2480,45
2481,51
2482,26
2483,43
2484,34
2485,65
2486,33
2487,29
2488,33
2489,63
2490,49
2491,45
2492,40
2493,34
2494,30
2495,48
2496,46
2497,12
2498,38
2499,66
2500,2810
2501,64
2502,42
2503,44
2504,33
2505,51
2506,39
2507,38
2508,37
2509,129
2510,62
2511,51
2512,35
2513,42
2514,69
2515,47
2516,43
2517,26
2518,30
2519,57
2520,115
2521,38
2522,40
2523,31
2524,36
2525,90
2526,43
2527,38
2528,27
2529,33
2530,71
2531,43
2532,51
2533,29
2534,30
2535,43
2536,36
2537,49
2538,45
2539,38
2540,78
2541,32
2542,63
2543,32
2544,60
2545,41
2546,46
2547,47
2548,33
2549,33
2550,133
2551,42
2552,45
2553,57
2554,41
2555,66
2556,33
2557,48
2558,41
2559,28
2560,226
2561,48
2562,44
2563,27
2564,47
2565,47
2566,33
2567,32
2568,36
2569,20
2570,50
2571,31
2572,30
2573,37
2574,113
2575,35
2576,27
2577,52
2578,39
2579,27
2580,48
2581,46
2582,39
2583,44
2584,50
2585,42
2586,28
2587,29
2588,27
2589,25
2590,31
2591,82
2592,62
2593,24
2594,29
2595,88
2596,32
2597,39
2598,21
2599,29
2600,733
2601,92
2602,51
2603,46
2604,32
2605,50
2606,40
2607,30
2608,70
2609,40
2610,53
2611,75
2612,26
2613,27
2614,36
2615,90
2616,47
2617,33
2618,29
2619,25
2620,70
2621,37
2622,28
2623,39
2624,25
2625,34
2626,36
2627,34
2628,34
2629,22
2630,56
2631,31
2632,37
2633,38
2634,49
2635,44
2636,40
2637,34
2638,30
2639,41
2640,59
2641,25
2642,22
2643,27
2644,35
2645,28
2646,27
2647,20
2648,32
2649,34
2650,92
2651,33
2652,17
2653,48
2654,24
2655,35
2656,38
2657,33
2658,27
2659,25
2660,53
2661,28
2662,24
2663,49
2664,52
2665,45
2666,98
2667,41
2668,26
2669,40
2670,37
2671,48
2672,25
2673,22
2674,21
2675,38
2676,25
2677,31
2678,27
2679,35
2680,52
2681,33
2682,21
2683,39
2684,22
2685,26
2686,36
2687,17
2688,45
2689,24
2690,49
2691,25
2692,25
2693,40
2694,25
2695,61
2696,33
2697,24
2698,29
2699,58
2700,536
2701,54
2702,49
2703,37
2704,34
2705,49
2706,36
2707,43
2708,43
2709,42
2710,60
2711,46
2712,35
2713,42
2714,29
2715,47
2716,30
2717,49
2718,32
2719,32
2720,71
2721,68
2722,39
2723,44
2724,22
2725,45
2726,37
2727,48
2728,44
2729,42
2730,45
2731,35
2732,41
2733,54
2734,30
2735,38
2736,46
2737,40
2738,21
2739,30
2740,45
2741,24
2742,36
2743,36
2744,27
2745,27
2746,16
2747,25
2748,41
2749,24
2750,118
2751,31
2752,26
2753,22
2754,38
2755,48
2756,32
2757,34
2758,25
2759,29
2760,52
2761,24
2762,25
2763,33
2764,31
2765,28
2766,33
2767,34
2768,33
2769,28
2770,48
2771,39
2772,38
2773,66
2774,25
2775,45
2776,31
2777,44
2778,43
2779,30
2780,36
2781,35
2782,21
2783,31
2784,25
2785,57
2786,30
2787,72
2788,32
2789,46
2790,39
2791,32
2792,25
2793,25
2794,22
2795,38
2796,47
2797,25
2798,24
2799,29
2800,538
2801,60
2802,24
2803,33
2804,54
2805,36
2806,35
2807,21
2808,36
2809,35
2810,55
2811,42
2812,40
2813,29
2814,38
2815,39
2816,32
2817,32
2818,41
2819,36
2820,61
2821,36
2822,44
2823,22
2824,59
2825,37
2826,22
2827,55
2828,29
2829,43
2830,44
2831,16
2832,42
2833,44
2834,23
2835,42
2836,39
2837,30
2838,31
2839,30
2840,40
2841,48
2842,25
2843,28
2844,37
2845,36
2846,31
2847,20
2848,44
2849,38
2850,83
2851,33
2852,38
2853,26
2854,34
2855,25
2856,53
2857,28
2858,25
2859,31
2860,53
2861,24
2862,24
2863,21
2864,23
2865,32
2866,90
2867,22
2868,26
2869,31
2870,32
2871,35
2872,34
2873,26
2874,30
2875,48
2876,16
2877,22
2878,29
2879,17
2880,97
2881,29
2882,27
2883,27
2884,17
2885,67
2886,21
2887,33
2888,53
2889,20
2890,43
2891,37
2892,39
2893,35
2894,18
2895,29
2896,30
2897,23
2898,23
2899,45
2900,304
2901,70
2902,53
2903,43
2904,30
2905,32
2906,29
2907,41
2908,21
2909,51
2910,36
2911,49
2912,56
2913,39
2914,25
2915,35
2916,42
2917,21
2918,37
2919,32
2920,66
2921,51
2922,28
2923,41
2924,31
2925,33
2926,28
2927,26
2928,17
2929,40
2930,57
2931,36
2932,30
2933,32
2934,24
2935,50
2936,25
2937,23
2938,31
2939,22
2940,44
2941,60
2942,19
2943,33
2944,28
2945,19
2946,29
2947,28
2948,10
2949,24
2950,96
2951,41
2952,19
2953,27
2954,20
2955,24
2956,16
2957,36
2958,30
2959,26
2960,75
2961,28
2962,27
2963,34
2964,18
2965,32
2966,28
2967,31
2968,23
2969,29
2970,31
2971,16
2972,57
2973,27
2974,15
2975,29
2976,31
2977,20
2978,15
2979,27
2980,33
2981,25
2982,25
2983,18
2984,14
2985,31
2986,15
2987,49
2988,33
2989,20
2990,43
2991,26
2992,33
2993,30
2994,24
2995,30
2996,40
2997,21
2998,24
2999,80
3000,6715
3001,221
3002,70
3003,85
3004,52
3005,66
3006,61
3007,34
3008,98
3009,68
3010,113
3011,48
3012,52
3013,51
3014,29
3015,62
3016,52
3017,37
3018,42
3019,52
3020,106
3021,58
3022,56
3023,53
3024,75
3025,42
3026,31
3027,34
3028,59
3029,29
3030,132
3031,61
3032,60
3033,50
3034,57
3035,77
3036,42
3037,35
3038,31
3039,43
3040,58
3041,32
3042,26
3043,37
3044,27
3045,36
3046,45
3047,22
3048,52
3049,34
3050,116
3051,27
3052,55
3053,42
3054,35
3055,34
3056,33
3057,27
3058,33
3059,22
3060,203
3061,41
3062,25
3063,32
3064,32
3065,24
3066,28
3067,38
3068,26
3069,23
3070,191
3071,48
3072,95
3073,31
3074,33
3075,25
3076,23
3077,32
3078,36
3079,34
3080,282
3081,44
3082,34
3083,36
3084,23
3085,38
3086,32
3087,30
3088,21
3089,37
3090,150
3091,32
3092,24
3093,34
3094,45
3095,21
3096,28
3097,24
3098,37
3099,90
3100,342
3101,61
3102,46
3103,37
3104,45
3105,40
3106,36
3107,37
3108,31
3109,82
3110,52
3111,67
3112,46
3113,83
3114,47
3115,42
3116,39
3117,47
3118,28
3119,30
3120,72
3121,58
3122,39
3123,29
3124,30
3125,133
3126,49
3127,105
3128,101
3129,30
3130,57
3131,47
3132,46
3133,55
3134,26
3135,54
3136,53
3137,39
3138,35
3139,23
3140,36
3141,47
3142,41
3143,26
3144,76
3145,44
3146,43
3147,18
3148,35
3149,28
3150,80
3151,35
3152,28
3153,38
3154,34
3155,45
3156,33
3157,42
3158,38
3159,24
3160,51
3161,26
3162,19
3163,38
3164,30
3165,25
3166,79
3167,18
3168,37
3169,32
3170,25
3171,51
3172,13
3173,26
3174,24
3175,43
3176,20
3177,34
3178,25
3179,30
3180,40
3181,29
3182,27
3183,31
3184,34
3185,30
3186,27
3187,14
3188,24
3189,26
3190,34
3191,28
3192,23
3193,17
3194,25
3195,24
3196,27
3197,9
3198,24
3199,34
3200,713
3201,63
3202,42
3203,32
3204,40
3205,59
3206,13
3207,24
3208,32
3209,47
3210,54
3211,44
3212,27
3213,28
3214,37
3215,41
3216,34
3217,38
3218,25
3219,34
3220,50
3221,42
3222,44
3223,33
3224,25
3225,31
3226,32
3227,31
3228,30
3229,28
3230,62
3231,24
3232,52
3233,54
3234,27
3235,45
3236,36
3237,31
3238,22
3239,29
3240,63
3241,35
3242,42
3243,36
3244,23
3245,37
3246,24
3247,15
3248,22
3249,17
3250,88
3251,39
3252,26
3253,29
3254,13
3255,39
3256,18
3257,27
3258,30
3259,24
3260,36
3261,33
3262,21
3263,31
3264,60
3265,20
3266,31
3267,26
3268,31
3269,22
3270,112
3271,22
3272,34
3273,21
3274,20
3275,19
3276,26
3277,16
3278,34
3279,20
3280,60
3281,19
3282,31
3283,23
3284,41
3285,32
3286,24
3287,26
3288,29
3289,25
3290,35
3291,27
3292,16
3293,22
3294,20
3295,43
3296,29
3297,28
3298,15
3299,31
3300,358
3301,110
3302,37
3303,40
3304,35
3305,48
3306,355
3307,48
3308,39
3309,33
3310,109
3311,39
3312,37
3313,42
3314,37
3315,45
3316,27
3317,26
3318,45
3319,28
3320,47
3321,35
3322,44
3323,29
3324,28
3325,38
3326,29
3327,26
3328,29
3329,32
3330,76
3331,34
3332,34
3333,257
3334,34
3335,27
3336,46
3337,30
3338,25
3339,44
3340,41
3341,48
3342,31
3343,27
3344,31
3345,30
3346,30
3347,24
3348,27
3349,17
3350,92
3351,23
3352,29
3353,23
3354,40
3355,30
3356,25
3357,32
3358,27
3359,43
3360,63
3361,28
3362,31
3363,32
3364,18
3365,36
3366,47
3367,32
3368,38
3369,29
3370,50
3371,20
3372,29
3373,31
3374,13
3375,31
3376,26
3377,26
3378,19
3379,28
3380,34
3381,26
3382,19
3383,14
3384,20
3385,23
3386,46
3387,23
3388,27
3389,173
3390,159
3391,15
3392,14
3393,23
3394,19
3395,28
3396,27
3397,19
3398,24
3399,56
3400,347
3401,56
3402,45
3403,31
3404,23
3405,40
3406,35
3407,30
3408,26
3409,23
3410,34
3411,36
3412,34
3413,38
3414,52
3415,35
3416,31
3417,39
3418,28
3419,17
3420,46
3421,32
3422,36
3423,37
3424,24
3425,35
3426,36
3427,35
3428,29
3429,25
3430,29
3431,31
3432,36
3433,42
3434,83
3435,37
3436,29
3437,24
3438,95
3439,26
3440,56
3441,23
3442,26
3443,29
3444,25
3445,25
3446,30
3447,22
3448,22
3449,29
3450,77
3451,35
3452,23
3453,31
3454,26
3455,35
3456,150
3457,32
3458,26
3459,29
3460,29
3461,18
3462,15
3463,32
3464,28
3465,29
3466,34
3467,29
3468,25
3469,25
3470,33
3471,22
3472,26
3473,32
3474,21
3475,37
3476,32
3477,24
3478,39
3479,28
3480,49
3481,30
3482,21
3483,25
3484,24
3485,13
3486,18
3487,25
3488,26
3489,27
3490,32
3491,24
3492,29
3493,25
3494,21
3495,37
3496,23
3497,32
3498,27
3499,28
3500,1328
3501,59
3502,34
3503,37
3504,37
3505,56
3506,26
3507,34
3508,36
3509,47
3510,80
3511,52
3512,36
3513,19
3514,30
3515,44
3516,52
3517,26
3518,25
3519,25
3520,40
3521,34
3522,23
3523,23
3524,23
3525,30
3526,29
3527,24
3528,40
3529,22
3530,39
3531,20
3532,23
3533,25
3534,22
3535,31
3536,37
3537,36
3538,27
3539,21
3540,78
3541,26
3542,31
3543,28
3544,34
3545,20
3546,30
3547,17
3548,14
3549,37
3550,42
3551,23
3552,29
3553,44
3554,21
3555,43
3556,23
3557,19
3558,23
3559,28
3560,51
3561,26
3562,18
3563,35
3564,23
3565,38
3566,18
3567,26
3568,27
3569,14
3570,45
3571,33
3572,23
3573,15
3574,28
3575,22
3576,18
3577,14
3578,23
3579,21
3580,49
3581,22
3582,34
3583,24
3584,27
3585,31
3586,19
3587,27
3588,35
3589,13
3590,39
3591,19
3592,25
3593,22
3594,18
3595,36
3596,19
3597,27
3598,16
3599,50
3600,1186
3601,56
3602,26
3603,24
3604,32
3605,19
3606,32
3607,17
3608,31
3609,28
3610,32
3611,32
3612,23
3613,27
3614,28
3615,37
3616,25
3617,25
3618,16
3619,20
3620,50
3621,26
3622,37
3623,25
3624,22
3625,34
3626,36
3627,38
3628,29
3629,23
3630,74
3631,33
3632,35
3633,26
3634,17
3635,22
3636,35
3637,26
3638,37
3639,22
3640,62
3641,27
3642,18
3643,12
3644,30
3645,23
3646,29
3647,22
3648,36
3649,16
3650,91
3651,31
3652,16
3653,28
3654,25
3655,13
3656,27
3657,17
3658,30
3659,26
3660,40
3661,21
3662,21
3663,31
3664,26
3665,30
3666,39
3667,27
3668,20
3669,14
3670,18
3671,18
3672,17
3673,14
3674,27
3675,29
3676,54
3677,18
3678,24
3679,17
3680,36
3681,23
3682,12
3683,23
3684,29
3685,13
3686,20
3687,13
3688,22
3689,19
3690,29
3691,12
3692,14
3693,17
3694,15
3695,24
3696,21
3697,21
3698,13
3699,33
3700,252
3701,33
3702,40
3703,25
3704,18
3705,31
3706,39
3707,23
3708,21
3709,18
3710,36
3711,48
3712,26
3713,32
3714,22
3715,30
3716,20
3717,32
3718,26
3719,24
3720,55
3721,24
3722,25
3723,33
3724,25
3725,24
3726,26
3727,76
3728,31
3729,39
3730,73
3731,35
3732,23
3733,36
3734,41
3735,19
3736,23
3737,48
3738,21
3739,24
3740,28
3741,36
3742,23
3743,18
3744,32
3745,50
3746,31
3747,17
3748,35
3749,20
3750,95
3751,20
3752,21
3753,25
3754,28
3755,34
3756,29
3757,29
3758,27
3759,23
3760,32
3761,41
3762,20
3763,29
3764,15
3765,8
3766,18
3767,36
3768,21
3769,24
3770,51
3771,25
3772,54
3773,16
3774,16
3775,22
3776,39
3777,37
3778,19
3779,12
3780,28
3781,15
3782,21
3783,19
3784,20
3785,30
3786,28
3787,27
3788,14
3789,22
3790,24
3791,21
3792,18
3793,14
3794,45
3795,23
3796,21
3797,26
3798,15
3799,39
3800,262
3801,72
3802,34
3803,31
3804,25
3805,14
3806,26
3807,24
3808,38
3809,28
3810,26
3811,16
3812,33
3813,11
3814,23
3815,39
3816,25
3817,21
3818,20
3819,15
3820,33
3821,21
3822,21
3823,21
3824,14
3825,26
3826,16
3827,24
3828,28
3829,16
3830,36
3831,23
3832,22
3833,24
3834,27
3835,33
3836,24
3837,30
3838,38
3839,24
3840,141
3841,14
3842,32
3843,26
3844,25
3845,36
3846,41
3847,54
3848,20
3849,24
3850,59
3851,22
3852,16
3853,15
3854,28
3855,31
3856,12
3857,75
3858,26
3859,30
3860,33
3861,29
3862,17
3863,27
3864,24
3865,30
3866,16
3867,19
3868,35
3869,23
3870,34
3871,14
3872,41
3873,25
3874,22
3875,30
3876,16
3877,15
3878,26
3879,22
3880,43
3881,38
3882,14
3883,26
3884,16
3885,17
3886,22
3887,20
3888,55
3889,25
3890,34
3891,17
3892,36
3893,21
3894,22
3895,40
3896,14
3897,14
3898,20
3899,16
3900,207
3901,40
3902,20
3903,29
3904,24
3905,20
3906,29
3907,27
3908,19
3909,19
3910,35
3911,32
3912,17
3913,18
3914,23
3915,29
3916,13
3917,13
3918,15
3919,13
3920,30
3921,25
3922,32
3923,43
3924,17
3925,21
3926,17
3927,24
3928,43
3929,35
3930,29
3931,18
3932,21
3933,36
3934,169
3935,12
3936,20
3937,17
3938,15
3939,22
3940,30
3941,19
3942,18
3943,15
3944,26
3945,48
3946,19
3947,15
3948,21
3949,17
3950,28
3951,15
3952,17
3953,11
3954,19
3955,26
3956,27
3957,17
3958,34
3959,32
3960,46
3961,22
3962,20
3963,17
3964,14
3965,13
3966,12
3967,21
3968,23
3969,27
3970,26
3971,26
3972,24
3973,25
3974,21
3975,13
3976,15
3977,22
3978,18
3979,22
3980,12
3981,23
3982,24
3983,23
3984,13
3985,19
3986,22
3987,30
3988,22
3989,5
3990,28
3991,12
3992,19
3993,10
3994,27
3995,20
3996,19
3997,25
3998,25
3999,40
4000,4130
4001,153
4002,58
4003,47
4004,74
4005,52
4006,31
4007,38
4008,48
4009,35
4010,84
4011,49
4012,52
4013,87
4014,35
4015,41
4016,37
4017,59
4018,34
4019,31
4020,59
4021,30
4022,37
4023,30
4024,32
4025,63
4026,21
4027,21
4028,33
4029,27
4030,46
4031,29
4032,60
4033,149
4034,131
4035,40
4036,21
4037,21
4038,30
4039,26
4040,87
4041,31
4042,16
4043,51
4044,38
4045,36
4046,43
4047,19
4048,34
4049,53
4050,64
4051,24
4052,18
4053,51
4054,21
4055,29
4056,32
4057,20
4058,23
4059,36
4060,44
4061,32
4062,15
4063,20
4064,18
4065,14
4066,23
4067,32
4068,36
4069,21
4070,28
4071,19
4072,25
4073,58
4074,23
4075,36
4076,18
4077,28
4078,21
4079,31
4080,53
4081,31
4082,25
4083,21
4084,24
4085,23
4086,13
4087,32
4088,23
4089,21
4090,61
4091,24
4092,34
4093,21
4094,45
4095,67
4096,940
4097,36
4098,33
4099,32
4100,241
4101,60
4102,51
4103,67
4104,46
4105,27
4106,20
4107,29
4108,36
4109,33
4110,42
4111,54
4112,41
4113,50
4114,38
4115,25
4116,23
4117,30
4118,27
4119,24
4120,44
4121,32
4122,47
4123,37
4124,90
4125,31
4126,27
4127,45
4128,18
4129,38
4130,82
4131,47
4132,18
4133,24
4134,34
4135,76
4136,17
4137,15
4138,22
4139,18
4140,79
4141,54
4142,29
4143,25
4144,24
4145,28
4146,33
4147,21
4148,25
4149,22
4150,53
4151,39
4152,20
4153,22
4154,23
4155,25
4156,20
4157,21
4158,16
4159,21
4160,63
4161,38
4162,20
4163,25
4164,22
4165,24
4166,25
4167,17
4168,35
4169,38
4170,34
4171,30
4172,39
4173,29
4174,22
4175,29
4176,23
4177,17
4178,27
4179,19
4180,36
4181,33
4182,22
4183,31
4184,18
4185,32
4186,22
4187,14
4188,16
4189,27
4190,19
4191,26
4192,26
4193,24
4194,52
4195,23
4196,28
4197,14
4198,23
4199,28
4200,409
4201,55
4202,31
4203,33
4204,31
4205,27
4206,27
4207,33
4208,43
4209,39
4210,53
4211,31
4212,28
4213,25
4214,26
4215,27
4216,29
4217,53
4218,21
4219,17
4220,34
4221,33
4222,49
4223,25
4224,34
4225,47
4226,32
4227,38
4228,33
4229,24
4230,38
4231,44
4232,37
4233,26
4234,23
4235,29
4236,85
4237,24
4238,23
4239,7
4240,45
4241,34
4242,100
4243,28
4244,48
4245,34
4246,22
4247,24
4248,11
4249,23
4250,68
4251,31
4252,20
4253,15
4254,23
4255,27
4256,20
4257,23
4258,25
4259,18
4260,39
4261,27
4262,10
4263,18
4264,11
4265,31
4266,22
4267,33
4268,20
4269,106
4270,22
4271,46
4272,23
4273,66
4274,30
4275,17
4276,16
4277,21
4278,23
4279,15
4280,24
4281,17
4282,23
4283,30
4284,9
4285,16
4286,11
4287,31
4288,45
4289,20
4290,25
4291,15
4292,16
4293,17
4294,27
4295,17
4296,22
4297,23
4298,13
4299,17
4300,210
4301,37
4302,28
4303,35
4304,15
4305,34
4306,17
4307,22
4308,36
4309,29
4310,41
4311,29
4312,42
4313,19
4314,23
4315,40
4316,23
4317,19
4318,25
4319,13
4320,42
4321,105
4322,39
4323,17
4324,26
4325,26
4326,185
4327,24
4328,22
4329,16
4330,33
4331,23
4332,31
4333,25
4334,25
4335,23
4336,19
4337,28
4338,30
4339,34
4340,55
4341,26
4342,17
4343,43
4344,18
4345,26
4346,18
4347,19
4348,13
4349,16
4350,57
4351,31
4352,31
4353,23
4354,23
4355,20
4356,19
4357,66
4358,14
4359,20
4360,38
4361,22
4362,30
4363,21
4364,8
4365,111
4366,31
4367,19
4368,33
4369,16
4370,15
4371,25
4372,12
4373,14
4374,17
4375,75
4376,26
4377,17
4378,21
4379,14
4380,33
4381,11
4382,17
4383,14
4384,28
4385,18
4386,21
4387,17
4388,17
4389,28
4390,20
4391,25
4392,21
4393,20
4394,14
4395,20
4396,16
4397,17
4398,22
4399,24
4400,258
4401,36
4402,31
4403,23
4404,35
4405,21
4406,24
4407,27
4408,15
4409,33
4410,59
4411,40
4412,28
4413,20
4414,29
4415,14
4416,23
4417,13
4418,19
4419,19
4420,32
4421,19
4422,32
4423,22
4424,32
4425,31
4426,17
4427,15
4428,29
4429,15
4430,44
4431,24
4432,17
4433,33
4434,11
4435,38
4436,41
4437,14
4438,30
4439,11
4440,53
4441,22
4442,39
4443,30
4444,169
4445,20
4446,27
4447,22
4448,19
4449,24
4450,34
4451,22
4452,17
4453,15
4454,17
4455,35
4456,21
4457,23
4458,27
4459,21
4460,52
4461,15
4462,16
4463,24
4464,27
4465,25
4466,15
4467,21
4468,19
4469,17
4470,33
4471,24
4472,55
4473,41
4474,22
4475,18
4476,21
4477,52
4478,25
4479,15
4480,31
4481,26
4482,26
4483,15
4484,25
4485,51
4486,20
4487,17
4488,22
4489,15
4490,41
4491,14
4492,37
4493,23
4494,14
4495,18
4496,13
4497,18
4498,17
4499,25
4500,711
4501,51
4502,36
4503,30
4504,12
4505,48
4506,34
4507,23
4508,27
4509,25
4510,33
4511,26
4512,34
4513,26
4514,38
4515,25
4516,17
4517,21
4518,16
4519,22
4520,41
4521,22
4522,32
4523,25
4524,11
4525,35
4526,23
4527,113
4528,21
4529,17
4530,21
4531,18
4532,11
4533,18
4534,23
4535,22
4536,21
4537,21
4538,18
4539,16
4540,19
4541,26
4542,21
4543,23
4544,20
4545,45
4546,25
4547,29
4548,23
4549,15
4550,45
4551,41
4552,24
4553,20
4554,18
4555,28
4556,28
4557,24
4558,25
4559,10
4560,45
4561,16
4562,33
4563,18
4564,22
4565,37
4566,39
4567,154
4568,23
4569,25
4570,23
4571,24
4572,15
4573,18
4574,19
4575,29
4576,21
4577,15
4578,22
4579,11
4580,28
4581,18
4582,17
4583,23
4584,16
4585,22
4586,15
4587,10
4588,16
4589,21
4590,26
4591,13
4592,20
4593,17
4594,15
4595,19
4596,26
4597,18
4598,16
4599,20
4600,214
4601,33
4602,20
4603,20
4604,118
4605,41
4606,25
4607,26
4608,35
4609,17
4610,30
4611,23
4612,33
4613,17
4614,41
4615,23
4616,24
4617,25
4618,20
4619,15
4620,27
4621,21
4622,24
4623,9
4624,28
4625,39
4626,34
4627,23
4628,20
4629,8
4630,36
4631,31
4632,20
4633,20
4634,33
4635,19
4636,110
4637,17
4638,16
4639,22
4640,32
4641,22
4642,17
4643,15
4644,22
4645,18
4646,36
4647,26
4648,23
4649,23
4650,52
4651,34
4652,28
4653,22
4654,15
4655,18
4656,19
4657,18
4658,24
4659,11
4660,30
4661,19
4662,20
4663,20
4664,33
4665,19
4666,22
4667,23
4668,23
4669,17
4670,19
4671,16
4672,27
4673,36
4674,14
4675,16
4676,15
4677,10
4678,13
4679,24
4680,41
4681,25
4682,15
4683,16
4684,16
4685,24
4686,32
4687,17
4688,27
4689,15
4690,24
4691,19
4692,24
4693,27
4694,16
4695,20
4696,24
4697,16
4698,13
4699,16
4700,189
4701,45
4702,25
4703,14
4704,18
4705,31
4706,17
4707,27
4708,18
4709,29
4710,28
4711,42
4712,27
4713,18
4714,21
4715,16
4716,15
4717,17
4718,44
4719,13
4720,32
4721,8
4722,15
4723,27
4724,16
4725,20
4726,16
4727,23
4728,11
4729,11
4730,39
4731,23
4732,18
4733,26
4734,13
4735,15
4736,14
4737,17
4738,16
4739,19
4740,30
4741,33
4742,10
4743,6
4744,20
4745,18
4746,23
4747,25
4748,16
4749,20
4750,41
4751,16
4752,19
4753,16
4754,16
4755,15
4756,23
4757,18
4758,19
4759,18
4760,33
4761,17
4762,22
4763,12
4764,17
4765,21
4766,20
4767,35
4768,16
4769,30
4770,50
4771,25
4772,4
4773,15
4774,18
4775,28
4776,20
4777,43
4778,20
4779,15
4780,42
4781,22
4782,28
4783,14
4784,22
4785,22
4786,30
4787,23
4788,30
4789,31
4790,34
4791,14
4792,13
4793,14
4794,23
4795,18
4796,19
4797,20
4798,10
4799,65
4800,371
4801,42
4802,32
4803,20
4804,19
4805,33
4806,23
4807,19
4808,22
4809,65
4810,39
4811,42
4812,16
4813,13
4814,21
4815,21
4816,21
4817,21
4818,22
4819,26
4820,23
4821,19
4822,17
4823,18
4824,18
4825,27
4826,20
4827,25
4828,9
4829,11
4830,55
4831,15
4832,12
4833,68
4834,13
4835,28
4836,18
4837,9
4838,18
4839,14
4840,94
4841,27
4842,15
4843,16
4844,28
4845,16
4846,20
4847,16
4848,55
4849,31
4850,63
4851,12
4852,27
4853,17
4854,11
4855,15
4856,12
4857,14
4858,21
4859,15
4860,54
4861,28
4862,13
4863,14
4864,22
4865,11
4866,9
4867,29
4868,22
4869,17
4870,45
4871,25
4872,17
4873,13
4874,12
4875,22
4876,20
4877,23
4878,16
4879,15
4880,27
4881,16
4882,17
4883,15
4884,19
4885,27
4886,18
4887,23
4888,22
4889,26
4890,27
4891,24
4892,13
4893,11
4894,19
4895,25
4896,15
4897,20
4898,13
4899,13
4900,159
4901,34
4902,25
4903,37
4904,28
4905,16
4906,23
4907,12
4908,21
4909,18
4910,29
4911,27
4912,25
4913,16
4914,11
4915,19
4916,15
4917,22
4918,17
4919,15
4920,21
4921,21
4922,22
4923,12
4924,18
4925,20
4926,11
4927,17
4928,19
4929,12
4930,27
4931,19
4932,25
4933,19
4934,16
4935,19
4936,23
4937,13
4938,18
4939,21
4940,28
4941,19
4942,15
4943,12
4944,18
4945,31
4946,21
4947,16
4948,25
4949,44
4950,62
4951,15
4952,12
4953,30
4954,19
4955,16
4956,32
4957,21
4958,19
4959,29
4960,70
4961,15
4962,29
4963,17
4964,22
4965,19
4966,18
4967,13
4968,14
4969,15
4970,26
4971,21
4972,17
4973,13
4974,40
4975,24
4976,14
4977,27
4978,14
4979,29
4980,26
4981,25
4982,15
4983,19
4984,23
4985,22
4986,16
4987,18
4988,25
4989,18
4990,27
4991,20
4992,11
4993,16
4994,14
4995,32
4996,21
4997,20
4998,17
4999,89
5000,6062
5001,164
5002,49
5003,31
5004,46
5005,66
5006,25
5007,75
5008,31
5009,25
5010,62
5011,35
5012,26
5013,33
5014,23
5015,30
5016,26
5017,26
5018,24
5019,14
5020,49
5021,30
5022,36
5023,30
5024,36
5025,34
5026,24
5027,28
5028,20
5029,33
5030,55
5031,18
5032,18
5033,19
5034,16
5035,28
5036,11
5037,26
5038,20
5039,26
5040,64
5041,27
5042,15
5043,49
5044,32
5045,20
5046,19
5047,9
5048,20
5049,16
5050,112
5051,26
5052,84
5053,16
5054,20
5055,49
5056,18
5057,23
5058,18
5059,17
5060,89
5061,31
5062,12
5063,10
5064,15
5065,17
5066,19
5067,31
5068,15
5069,16
5070,50
5071,15
5072,14
5073,16
5074,17
5075,20
5076,13
5077,6
5078,6
5079,23
5080,33
5081,9
5082,14
5083,120
5084,20
5085,11
5086,18
5087,10
5088,16
5089,17
5090,21
5091,19
5092,10
5093,21
5094,18
5095,17
5096,14
5097,7
5098,8
5099,9
5100,280
5101,36
5102,23
5103,21
5104,20
5105,64
5106,30
5107,11
5108,21
5109,23
5110,36
5111,28
5112,27
5113,26
5114,30
5115,27
5116,24
5117,23
5118,26
5119,27
5120,91
5121,58
5122,26
5123,26
5124,22
5125,33
5126,17
5127,14
5128,70
5129,33
5130,25
5131,26
5132,22
5133,21
5134,19
5135,17
5136,8
5137,28
5138,19
5139,10
5140,43
5141,20
5142,14
5143,7
5144,13
5145,11
5146,35
5147,15
5148,27
5149,18
5150,108
5151,28
5152,28
5153,14
5154,16
5155,23
5156,17
5157,29
5158,19
5159,27
5160,37
5161,17
5162,6
5163,18
5164,25
5165,36
5166,7
5167,30
5168,17
5169,16
5170,21
5171,29
5172,27
5173,15
5174,13
5175,16
5176,21
5177,17
5178,16
5179,16
5180,51
5181,20
5182,19
5183,17
5184,41
5185,28
5186,34
5187,10
5188,14
5189,29
5190,21
5191,25
5192,8
5193,14
5194,103
5195,25
5196,7
5197,21
5198,8
5199,18
5200,277
5201,32
5202,24
5203,13
5204,23
5205,19
5206,20
5207,26
5208,19
5209,35
5210,41
5211,31
5212,25
5213,13
5214,16
5215,15
5216,10
5217,34
5218,16
5219,13
5220,37
5221,19
5222,48
5223,45
5224,23
5225,33
5226,15
5227,23
5228,26
5229,11
5230,147
5231,29
5232,13
5233,35
5234,20
5235,25
5236,21
5237,19
5238,15
5239,9
5240,42
5241,11
5242,15
5243,18
5244,25
5245,14
5246,16
5247,11
5248,12
5249,15
5250,56
5251,16
5252,36
5253,33
5254,15
5255,16
5256,13
5257,10
5258,15
5259,12
5260,35
5261,16
5262,20
5263,18
5264,15
5265,19
5266,31
5267,15
5268,14
5269,22
5270,26
5271,20
5272,15
5273,16
5274,14
5275,19
5276,16
5277,11
5278,9
5279,21
5280,64
5281,67
5282,11
5283,15
5284,5
5285,17
5286,6
5287,19
5288,6
5289,18
5290,16
5291,13
5292,13
5293,24
5294,16
5295,11
5296,13
5297,17
5298,14
5299,18
5300,215
5301,42
5302,38
5303,18
5304,16
5305,21
5306,27
5307,15
5308,24
5309,26
5310,60
5311,19
5312,29
5313,18
5314,10
5315,20
5316,16
5317,14
5318,7
5319,14
5320,51
5321,19
5322,14
5323,21
5324,20
5325,32
5326,19
5327,19
5328,7
5329,20
5330,23
5331,18
5332,25
5333,44
5334,25
5335,29
5336,18
5337,21
5338,14
5339,9
5340,26
5341,19
5342,8
5343,17
5344,12
5345,16
5346,18
5347,15
5348,13
5349,16
5350,28
5351,18
5352,21
5353,21
5354,28
5355,10
5356,22
5357,19
5358,16
5359,14
5360,23
5361,11
5362,12
5363,17
5364,17
5365,16
5366,17
5367,15
5368,11
5369,12
5370,34
5371,14
5372,13
5373,17
5374,8
5375,14
5376,38
5377,18
5378,14
5379,6
5380,15
5381,56
5382,70
5383,16
5384,8
5385,12
5386,8
5387,10
5388,4
5389,28
5390,16
5391,12
5392,13
5393,10
5394,30
5395,13
5396,14
5397,15
5398,9
5399,20
5400,221
5401,39
5402,19
5403,17
5404,12
5405,20
5406,29
5407,30
5408,10
5409,14
5410,16
5411,27
5412,17
5413,11
5414,13
5415,21
5416,25
5417,21
5418,25
5419,17
5420,22
5421,18
5422,22
5423,27
5424,35
5425,17
5426,17
5427,13
5428,12
5429,14
5430,29
5431,9
5432,298
5433,32
5434,14
5435,29
5436,13
5437,21
5438,14
5439,12
5440,24
5441,7
5442,23
5443,16
5444,19
5445,19
5446,13
5447,10
5448,15
5449,16
5450,31
5451,16
5452,14
5453,27
5454,37
5455,17
5456,17
5457,9
5458,12
5459,16
5460,32
5461,27
5462,21
5463,18
5464,10
5465,25
5466,18
5467,20
5468,15
5469,24
5470,25
5471,24
5472,35
5473,8
5474,12
5475,14
5476,16
5477,32
5478,9
5479,15
5480,35
5481,18
5482,11
5483,12
5484,11
5485,12
5486,8
5487,12
5488,17
5489,20
5490,30
5491,32
5492,12
5493,12
5494,21
5495,19
5496,14
5497,16
5498,31
5499,18
5500,542
5501,38
5502,15
5503,14
5504,12
5505,29
5506,10
5507,18
5508,14
5509,26
5510,29
5511,22
5512,25
5513,15
5514,36
5515,24
5516,17
5517,21
5518,11
5519,10
5520,47
5521,11
5522,26
5523,47
5524,17
5525,30
5526,14
5527,14
5528,33
5529,20
5530,40
5531,16
5532,23
5533,18
5534,10
5535,11
5536,27
5537,10
5538,9
5539,25
5540,17
5541,14
5542,18
5543,14
5544,18
5545,27
5546,17
5547,12
5548,33
5549,14
5550,52
5551,19
5552,25
5553,17
5554,32
5555,181
5556,39
5557,15
5558,29
5559,17
5560,25
5561,13
5562,15
5563,10
5564,39
5565,23
5566,32
5567,18
5568,13
5569,10
5570,21
5571,10
5572,13
5573,15
5574,14
5575,14
5576,54
5577,14
5578,15
5579,17
5580,41
5581,12
5582,10
5583,13
5584,25
5585,14
5586,13
5587,8
5588,30
5589,18
5590,16
5591,20
5592,24
5593,25
5594,9
5595,6
5596,11
5597,13
5598,21
5599,16
5600,225
5601,57
5602,10
5603,30
5604,19
5605,16
5606,25
5607,13
5608,10
5609,14
5610,45
5611,26
5612,13
5613,13
5614,16
5615,17
5616,23
5617,15
5618,13
5619,8
5620,17
5621,33
5622,23
5623,16
5624,16
5625,65
5626,14
5627,16
5628,12
5629,18
5630,30
5631,8
5632,20
5633,11
5634,13
5635,32
5636,14
5637,10
5638,14
5639,8
5640,29
5641,13
5642,11
5643,16
5644,10
5645,15
5646,21
5647,17
5648,14
5649,11
5650,39
5651,61
5652,20
5653,12
5654,15
5655,19
5656,21
5657,20
5658,13
5659,12
5660,27
5661,11
5662,13
5663,10
5664,19
5665,13
5666,25
5667,10
5668,22
5669,27
5670,26
5671,16
5672,82
5673,19
5674,5
5675,20
5676,18
5677,18
5678,136
5679,22
5680,25
5681,10
5682,12
5683,20
5684,17
5685,15
5686,9
5687,19
5688,11
5689,12
5690,14
5691,15
5692,11
5693,8
5694,12
5695,14
5696,12
5697,6
5698,20
5699,7
5700,202
5701,52
5702,16
5703,23
5704,13
5705,20
5706,13
5707,22
5708,19
5709,19
5710,16
5711,36
5712,16
5713,18
5714,25
5715,18
5716,18
5717,23
5718,9
5719,20
5720,18
5721,21
5722,20
5723,14
5724,11
5725,20
5726,11
5727,23
5728,29
5729,9
5730,48
5731,20
5732,8
5733,11
5734,22
5735,13
5736,10
5737,10
5738,9
5739,21
5740,10
5741,10
5742,16
5743,22
5744,32
5745,12
5746,11
5747,14
5748,14
5749,17
5750,48
5751,26
5752,12
5753,14
5754,14
5755,14
5756,12
5757,27
5758,11
5759,24
5760,45
5761,24
5762,18
5763,20
5764,15
5765,17
5766,17
5767,15
5768,23
5769,21
5770,42
5771,31
5772,37
5773,9
5774,21
5775,31
5776,17
5777,29
5778,35
5779,12
5780,23
5781,22
5782,19
5783,15
5784,12
5785,14
5786,11
5787,18
5788,11
5789,28
5790,10
5791,18
5792,15
5793,21
5794,7
5795,12
5796,11
5797,11
5798,14
5799,15
5800,197
5801,27
5802,21
5803,31
5804,17
5805,17
5806,18
5807,16
5808,15
5809,12
5810,28
5811,17
5812,30
5813,17
5814,9
5815,23
5816,13
5817,13
5818,11
5819,18
5820,24
5821,16
5822,16
5823,16
5824,11
5825,20
5826,16
5827,10
5828,12
5829,15
5830,22
5831,15
5832,7
5833,24
5834,10
5835,11
5836,8
5837,15
5838,13
5839,17
5840,21
5841,16
5842,19
5843,8
5844,10
5845,28
5846,13
5847,12
5848,16
5849,13
5850,33
5851,13
5852,15
5853,8
5854,11
5855,19
5856,16
5857,10
5858,23
5859,16
5860,33
5861,21
5862,7
5863,8
5864,5
5865,13
5866,12
5867,15
5868,18
5869,12
5870,44
5871,14
5872,7
5873,18
5874,11
5875,19
5876,13
5877,19
5878,14
5879,18
5880,28
5881,12
5882,14
5883,15
5884,12
5885,16
5886,14
5887,12
5888,13
5889,14
5890,21
5891,19
5892,9
5893,8
5894,13
5895,26
5896,9
5897,19
5898,10
5899,14
5900,113
5901,34
5902,17
5903,18
5904,20
5905,22
5906,12
5907,16
5908,16
5909,15
5910,23
5911,19
5912,17
5913,16
5914,17
5915,15
5916,14
5917,17
5918,7
5919,18
5920,12
5921,20
5922,16
5923,16
5924,12
5925,16
5926,12
5927,12
5928,13
5929,10
5930,32
5931,19
5932,18
5933,13
5934,5
5935,14
5936,9
5937,29
5938,13
5939,22
5940,29
5941,16
5942,25
5943,11
5944,11
5945,13
5946,11
5947,8
5948,16
5949,15
5950,27
5951,12
5952,8
5953,7
5954,15
5955,12
5956,16
5957,20
5958,12
5959,26
5960,30
5961,8
5962,8
5963,10
5964,8
5965,17
5966,6
5967,18
5968,16
5969,20
5970,26
5971,10
5972,15
5973,6
5974,9
5975,14
5976,14
5977,9
5978,10
5979,14
5980,19
5981,12
5982,10
5983,9
5984,41
5985,19
5986,24
5987,8
5988,12
5989,13
5990,20
5991,11
5992,14
5993,12
5994,12
5995,18
5996,9
5997,16
5998,14
5999,45
6000,2319
6001,120
6002,52
6003,22
6004,37
6005,27
6006,50
6007,17
6008,22
6009,17
6010,46
6011,43
6012,32
6013,12
6014,21
6015,37
6016,26
6017,19
6018,12
6019,18
6020,42
6021,18
6022,16
6023,20
6024,12
6025,23
6026,14
6027,13
6028,14
6029,12
6030,38
6031,7
6032,12
6033,27
6034,22
6035,17
6036,10
6037,15
6038,10
6039,21
6040,41
6041,18
6042,11
6043,9
6044,18
6045,16
6046,14
6047,18
6048,21
6049,18
6050,32
6051,21
6052,18
6053,15
6054,7
6055,35
6056,21
6057,23
6058,11
6059,7
6060,79
6061,197
6062,23
6063,41
6064,19
6065,17
6066,18
6067,20
6068,12
6069,15
6070,18
6071,11
6072,14
6073,10
6074,8
6075,13
6076,16
6077,11
6078,12
6079,10
6080,27
6081,13
6082,29
6083,10
6084,30
6085,25
6086,14
6087,11
6088,14
6089,12
6090,22
6091,6
6092,11
6093,10
6094,14
6095,17
6096,9
6097,16
6098,13
6099,17
6100,147
6101,25
6102,21
6103,23
6104,18
6105,26
6106,26
6107,17
6108,18
6109,23
6110,28
6111,32
6112,14
6113,23
6114,17
6115,27
6116,28
6117,17
6118,20
6119,13
6120,78
6121,24
6122,25
6123,16
6124,14
6125,24
6126,10
6127,11
6128,15
6129,9
6130,19
6131,23
6132,12
6133,17
6134,10
6135,10
6136,17
6137,11
6138,8
6139,11
6140,18
6141,18
6142,27
6143,7
6144,32
6145,14
6146,19
6147,24
6148,10
6149,14
6150,33
6151,24
6152,13
6153,13
6154,15
6155,20
6156,9
6157,21
6158,5
6159,17
6160,34
6161,20
6162,18
6163,10
6164,15
6165,12
6166,17
6167,14
6168,12
6169,11
6170,19
6171,14
6172,20
6173,22
6174,18
6175,9
6176,12
6177,12
6178,10
6179,24
6180,15
6181,24
6182,21
6183,7
6184,8
6185,10
6186,8
6187,10
6188,11
6189,8
6190,12
6191,19
6192,17
6193,16
6194,8
6195,7
6196,3
6197,3
6198,6
6199,11
6200,202
6201,26
6202,24
6203,19
6204,10
6205,12
6206,14
6207,21
6208,14
6209,13
6210,44
6211,27
6212,13
6213,20
6214,10
6215,16
6216,12
6217,11
6218,12
6219,17
6220,20
6221,32
6222,17
6223,21
6224,18
6225,21
6226,21
6227,15
6228,14
6229,20
6230,28
6231,21
6232,13
6233,17
6234,19
6235,20
6236,10
6237,26
6238,14
6239,13
6240,22
6241,11
6242,22
6243,11
6244,10
6245,15
6246,18
6247,12
6248,12
6249,11
6250,71
6251,13
6252,14
6253,10
6254,7
6255,16
6256,20
6257,10
6258,11
6259,18
6260,15
6261,19
6262,20
6263,28
6264,19
6265,17
6266,27
6267,11
6268,17
6269,10
6270,20
6271,13
6272,17
6273,17
6274,13
6275,22
6276,11
6277,19
6278,18
6279,12
6280,25
6281,11
6282,13
6283,20
6284,12
6285,16
6286,8
6287,9
6288,15
6289,12
6290,12
6291,11
6292,14
6293,7
6294,11
6295,22
6296,12
6297,12
6298,14
6299,13
6300,169
6301,37
6302,22
6303,26
6304,13
6305,29
6306,15
6307,6
6308,9
6309,9
6310,31
6311,20
6312,18
6313,14
6314,14
6315,12
6316,9
6317,16
6318,18
6319,11
6320,33
6321,13
6322,19
6323,9
6324,14
6325,20
6326,21
6327,9
6328,9
6329,11
6330,30
6331,23
6332,28
6333,20
6334,23
6335,18
6336,16
6337,13
6338,25
6339,16
6340,23
6341,17
6342,10
6343,12
6344,10
6345,19
6346,12
6347,17
6348,14
6349,12
6350,41
6351,25
6352,12
6353,15
6354,19
6355,11
6356,15
6357,17
6358,12
6359,16
6360,17
6361,17
6362,20
6363,47
6364,19
6365,8
6366,12
6367,17
6368,11
6369,11
6370,10
6371,31
6372,13
6373,9
6374,10
6375,16
6376,9
6377,15
6378,14
6379,180
6380,36
6381,18
6382,10
6383,8
6384,17
6385,14
6386,11
6387,12
6388,12
6389,12
6390,20
6391,14
6392,11
6393,10
6394,7
6395,11
6396,18
6397,18
6398,15
6399,17
6400,284
6401,32
6402,24
6403,11
6404,16
6405,15
6406,21
6407,17
6408,21
6409,18
6410,17
6411,31
6412,26
6413,17
6414,17
6415,19
6416,12
6417,14
6418,7
6419,20
6420,40
6421,27
6422,24
6423,8
6424,10
6425,21
6426,16
6427,17
6428,9
6429,14
6430,24
6431,14
6432,20
6433,10
6434,14
6435,21
6436,12
6437,22
6438,18
6439,15
6440,18
6441,17
6442,10
6443,56
6444,20
6445,18
6446,23
6447,17
6448,10
6449,6
6450,37
6451,14
6452,7
6453,17
6454,17
6455,16
6456,8
6457,14
6458,10
6459,15
6460,16
6461,7
6462,12
6463,10
6464,18
6465,12
6466,17
6467,28
6468,21
6469,7
6470,33
6471,12
6472,19
6473,13
6474,9
6475,26
6476,8
6477,9
6478,14
6479,20
6480,11
6481,12
6482,15
6483,4
6484,10
6485,7
6486,8
6487,8
6488,14
6489,17
6490,17
6491,16
6492,19
6493,12
6494,10
6495,16
6496,22
6497,14
6498,10
6499,13
6500,421
6501,38
6502,79
6503,16
6504,12
6505,18
6506,16
6507,15
6508,37
6509,19
6510,29
6511,26
6512,25
6513,17
6514,21
6515,16
6516,18
6517,7
6518,15
6519,12
6520,21
6521,10
6522,29
6523,16
6524,17
6525,14
6526,5
6527,6
6528,10
6529,10
6530,13
6531,16
6532,12
6533,9
6534,13
6535,21
6536,12
6537,19
6538,16
6539,16
6540,20
6541,23
6542,12
6543,25
6544,9
6545,4
6546,15
6547,5
6548,13
6549,11
6550,69
6551,10
6552,17
6553,9
6554,11
6555,37
6556,15
6557,8
6558,8
6559,8
6560,12
6561,20
6562,14
6563,12
6564,8
6565,16
6566,16
6567,11
6568,13
6569,13
6570,19
6571,9
6572,17
6573,16
6574,16
6575,14
6576,16
6577,14
6578,15
6579,8
6580,7
6581,14
6582,8
6583,15
6584,13
6585,9
6586,11
6587,9
6588,15
6589,12
6590,17
6591,13
6592,12
6593,17
6594,9
6595,12
6596,26
6597,11
6598,10
6599,8
6600,202
6601,56
6602,31
6603,9
6604,10
6605,16
6606,22
6607,14
6608,7
6609,13
6610,30
6611,29
6612,14
6613,14
6614,13
6615,15
6616,14
6617,15
6618,11
6619,8
6620,23
6621,11
6622,15
6623,15
6624,7
6625,13
6626,4
6627,6
6628,6
6629,5
6630,22
6631,15
6632,15
6633,20
6634,13
6635,9
6636,9
6637,6
6638,11
6639,14
6640,8
6641,9
6642,14
6643,10
6644,10
6645,16
6646,18
6647,19
6648,9
6649,14
6650,16
6651,13
6652,14
6653,17
6654,15
6655,16
6656,15
6657,19
6658,10
6659,5
6660,27
6661,12
6662,20
6663,9
6664,21
6665,10
6666,97
6667,74
6668,14
6669,12
6670,27
6671,13
6672,6
6673,10
6674,16
6675,19
6676,8
6677,18
6678,20
6679,17
6680,33
6681,7
6682,20
6683,16
6684,15
6685,9
6686,15
6687,11
6688,22
6689,10
6690,32
6691,15
6692,19
6693,4
6694,11
6695,11
6696,14
6697,24
6698,24
6699,30
6700,170
6701,38
6702,20
6703,17
6704,16
6705,10
6706,5
6707,10
6708,10
6709,7
6710,15
6711,20
6712,13
6713,11
6714,15
6715,11
6716,20
6717,13
6718,22
6719,6
6720,23
6721,19
6722,16
6723,15
6724,18
6725,14
6726,7
6727,14
6728,13
6729,7
6730,22
6731,6
6732,10
6733,17
6734,5
6735,16
6736,65
6737,15
6738,18
6739,16
6740,12
6741,12
6742,9
6743,81
6744,20
6745,18
6746,10
6747,7
6748,7
6749,12
6750,69
6751,14
6752,13
6753,16
6754,10
6755,15
6756,8
6757,12
6758,13
6759,13
6760,14
6761,8
6762,7
6763,7
6764,6
6765,15
6766,11
6767,15
6768,12
6769,10
6770,16
6771,9
6772,15
6773,10
6774,10
6775,14
6776,15
6777,20
6778,15
6779,8
6780,19
6781,13
6782,7
6783,6
6784,15
6785,15
6786,13
6787,5
6788,9
6789,45
6790,19
6791,17
6792,6
6793,11
6794,9
6795,9
6796,8
6797,10
6798,7
6799,9
6800,286
6801,21
6802,13
6803,37
6804,14
6805,17
6806,12
6807,13
6808,12
6809,30
6810,132
6811,17
6812,9
6813,11
6814,12
6815,7
6816,7
6817,11
6818,14
6819,7
6820,8
6821,15
6822,116
6823,13
6824,13
6825,10
6826,8
6827,8
6828,11
6829,4
6830,16
6831,34
6832,18
6833,15
6834,13
6835,11
6836,24
6837,14
6838,10
6839,6
6840,22
6841,7
6842,12
6843,9
6844,5
6845,13
6846,10
6847,8
6848,12
6849,8
6850,28
6851,12
6852,13
6853,6
6854,17
6855,16
6856,46
6857,12
6858,16
6859,8
6860,8
6861,12
6862,5
6863,9
6864,7
6865,9
6866,11
6867,9
6868,24
6869,10
6870,27
6871,7
6872,15
6873,14
6874,13
6875,46
6876,11
6877,15
6878,13
6879,12
6880,23
6881,22
6882,16
6883,13
6884,8
6885,9
6886,14
6887,10
6888,23
6889,12
6890,29
6891,9
6892,6
6893,6
6894,14
6895,14
6896,6
6897,7
6898,8
6899,7
6900,115
6901,21
6902,21
6903,14
6904,13
6905,5
6906,9
6907,19
6908,13
6909,9
6910,16
6911,20
6912,11
6913,7
6914,10
6915,14
6916,4
6917,7
6918,14
6919,6
6920,24
6921,12
6922,17
6923,17
6924,25
6925,5
6926,11
6927,6
6928,13
6929,10
6930,65
6931,6
6932,16
6933,10
6934,12
6935,2
6936,9
6937,8
6938,9
6939,7
6940,24
6941,14
6942,10
6943,7
6944,25
6945,14
6946,40
6947,9
6948,7
6949,12
6950,34
6951,6
6952,9
6953,21
6954,9
6955,10
6956,3
6957,5
6958,9
6959,11
6960,18
6961,16
6962,8
6963,16
6964,9
6965,6
6966,22
6967,8
6968,13
6969,25
6970,38
6971,12
6972,8
6973,9
6974,11
6975,18
6976,16
6977,12
6978,6
6979,12
6980,17
6981,10
6982,3
6983,14
6984,13
6985,13
6986,15
6987,12
6988,17
6989,9
6990,115
6991,15
6992,8
6993,13
6994,3
6995,9
6996,11
6997,8
6998,14
6999,31
7000,1449
7001,99
7002,60
7003,35
7004,31
7005,30
7006,30
7007,20
7008,15
7009,11
7010,50
7011,28
7012,14
7013,28
7014,47
7015,22
7016,26
7017,40
7018,25
7019,21
7020,37
7021,20
7022,10
7023,12
7024,34
7025,18
7026,7
7027,17
7028,15
7029,7
7030,35
7031,19
7032,6
7033,18
7034,15
7035,11
7036,18
7037,18
7038,11
7039,5
7040,35
7041,9
7042,13
7043,12
7044,39
7045,7
7046,8
7047,20
7048,13
7049,9
7050,40
7051,15
7052,9
7053,27
7054,18
7055,20
7056,20
7057,14
7058,8
7059,24
7060,19
7061,18
7062,5
7063,4
7064,11
7065,14
7066,11
7067,13
7068,14
7069,9
7070,66
7071,32
7072,17
7073,14
7074,12
7075,39
7076,7
7077,26
7078,3
7079,10
7080,29
7081,19
7082,18
7083,14
7084,13
7085,11
7086,7
7087,14
7088,20
7089,17
7090,20
7091,11
7092,10
7093,7
7094,20
7095,6
7096,9
7097,12
7098,5
7099,8
7100,157
7101,27
7102,16
7103,26
7104,11
7105,36
7106,31
7107,14
7108,10
7109,30
7110,45
7111,35
7112,26
7113,7
7114,16
7115,29
7116,26
7117,12
7118,15
7119,16
7120,36
7121,19
7122,41
7123,27
7124,10
7125,10
7126,12
7127,17
7128,9
7129,15
7130,22
7131,19
7132,13
7133,11
7134,13
7135,12
7136,12
7137,8
7138,10
7139,10
7140,15
7141,22
7142,13
7143,7
7144,14
7145,13
7146,11
7147,12
7148,21
7149,6
7150,36
7151,19
7152,15
7153,7
7154,10
7155,16
7156,11
7157,7
7158,12
7159,17
7160,21
7161,18
7162,8
7163,10
7164,6
7165,9
7166,15
7167,13
7168,6
7169,8
7170,22
7171,89
7172,10
7173,3
7174,9
7175,10
7176,11
7177,6
7178,6
7179,25
7180,20
7181,17
7182,20
7183,16
7184,15
7185,16
7186,13
7187,9
7188,18
7189,10
7190,11
7191,13
7192,5
7193,16
7194,10
7195,19
7196,11
7197,9
7198,15
7199,20
7200,329
7201,25
7202,16
7203,17
7204,17
7205,12
7206,20
7207,14
7208,8
7209,11
7210,31
7211,29
7212,21
7213,12
7214,15
7215,21
7216,25
7217,16
7218,15
7219,10
7220,20
7221,19
7222,21
7223,19
7224,23
7225,23
7226,7
7227,19
7228,6
7229,9
7230,16
7231,12
7232,19
7233,33
7234,15
7235,13
7236,8
7237,13
7238,14
7239,17
7240,16
7241,10
7242,12
7243,26
7244,9
7245,14
7246,10
7247,14
7248,17
7249,10
7250,50
7251,14
7252,24
7253,32
7254,13
7255,24
7256,15
7257,10
7258,12
7259,6
7260,35
7261,20
7262,18
7263,17
7264,17
7265,10
7266,29
7267,10
7268,9
7269,13
7270,10
7271,18
7272,28
7273,15
7274,14
7275,21
7276,13
7277,18
7278,13
7279,10
7280,15
7281,12
7282,16
7283,9
7284,9
7285,20
7286,18
7287,7
7288,18
7289,9
7290,18
7291,6
7292,10
7293,9
7294,3
7295,9
7296,7
7297,6
7298,7
7299,9
7300,137
7301,17
7302,20
7303,11
7304,23
7305,20
7306,18
7307,9
7308,13
7309,9
7310,29
7311,11
7312,13
7313,13
7314,22
7315,10
7316,22
7317,5
7318,11
7319,11
7320,22
7321,10
7322,7
7323,13
7324,19
7325,18
7326,28
7327,10
7328,11
7329,12
7330,12
7331,21
7332,15
7333,27
7334,33
7335,8
7336,16
7337,13
7338,9
7339,15
7340,33
7341,7
7342,8
7343,9
7344,22
7345,9
7346,8
7347,13
7348,18
7349,9
7350,32
7351,16
7352,13
7353,12
7354,20
7355,12
7356,10
7357,15
7358,11
7359,12
7360,29
7361,19
7362,6
7363,10
7364,9
7365,14
7366,16
7367,12
7368,13
7369,9
7370,39
7371,7
7372,11
7373,17
7374,14
7375,17
7376,30
7377,10
7378,23
7379,18
7380,23
7381,10
7382,19
7383,12
7384,11
7385,8
7386,18
7387,16
7388,10
7389,18
7390,54
7391,22
7392,18
7393,6
7394,15
7395,17
7396,6
7397,11
7398,7
7399,30
7400,115
7401,25
7402,24
7403,12
7404,17
7405,26
7406,15
7407,27
7408,10
7409,17
7410,23
7411,20
7412,17
7413,9
7414,15
7415,16
7416,12
7417,9
7418,3
7419,16
7420,27
7421,7
7422,11
7423,8
7424,18
7425,13
7426,15
7427,17
7428,15
7429,6
7430,16
7431,18
7432,7
7433,19
7434,21
7435,11
7436,13
7437,15
7438,8
7439,13
7440,26
7441,13
7442,54
7443,20
7444,13
7445,23
7446,10
7447,13
7448,17
7449,10
7450,42
7451,5
7452,19
7453,9
7454,8
7455,18
7456,12
7457,11
7458,15
7459,8
7460,25
7461,9
7462,12
7463,11
7464,16
7465,32
7466,13
7467,14
7468,15
7469,31
7470,17
7471,11
7472,8
7473,8
7474,41
7475,16
7476,8
7477,17
7478,15
7479,119
7480,21
7481,18
7482,8
7483,8
7484,17
7485,22
7486,14
7487,7
7488,13
7489,7
7490,34
7491,15
7492,8
7493,12
7494,10
7495,9
7496,10
7497,2
7498,8
7499,19
7500,589
7501,24
7502,26
7503,12
7504,5
7505,11
7506,31
7507,18
7508,8
7509,11
7510,71
7511,38
7512,18
7513,43
7514,13
7515,24
7516,11
7517,9
7518,11
7519,10
7520,26
7521,14
7522,12
7523,4
7524,8
7525,17
7526,14
7527,12
7528,11
7529,21
7530,22
7531,10
7532,9
7533,14
7534,22
7535,23
7536,5
7537,17
7538,19
7539,7
7540,14
7541,32
7542,10
7543,12
7544,12
7545,10
7546,7
7547,11
7548,27
7549,12
7550,20
7551,15
7552,12
7553,16
7554,24
7555,25
7556,12
7557,13
7558,14
7559,26
7560,17
7561,10
7562,15
7563,13
7564,17
7565,9
7566,14
7567,8
7568,13
7569,10
7570,25
7571,9
7572,11
7573,10
7574,15
7575,22
7576,19
7577,22
7578,7
7579,7
7580,16
7581,7
7582,11
7583,7
7584,27
7585,13
7586,12
7587,17
7588,10
7589,12
7590,21
7591,12
7592,8
7593,15
7594,14
7595,13
7596,8
7597,9
7598,10
7599,11
7600,139
7601,50
7602,28
7603,10
7604,9
7605,16
7606,13
7607,20
7608,13
7609,6
7610,45
7611,13
7612,12
7613,13
7614,16
7615,16
7616,12
7617,17
7618,14
7619,12
7620,21
7621,16
7622,18
7623,6
7624,23
7625,17
7626,8
7627,11
7628,14
7629,17
7630,18
7631,14
7632,13
7633,12
7634,16
7635,12
7636,17
7637,12
7638,5
7639,6
7640,21
7641,12
7642,11
7643,9
7644,15
7645,10
7646,19
7647,11
7648,8
7649,11
7650,68
7651,10
7652,23
7653,12
7654,14
7655,15
7656,6
7657,8
7658,10
7659,7
7660,36
7661,9
7662,9
7663,17
7664,11
7665,2
7666,11
7667,14
7668,6
7669,10
7670,12
7671,13
7672,14
7673,12
7674,11
7675,14
7676,24
7677,14
7678,14
7679,7
7680,27
7681,11
7682,10
7683,17
7684,12
7685,7
7686,10
7687,15
7688,25
7689,7
7690,13
7691,15
7692,9
7693,7
7694,8
7695,5
7696,12
7697,5
7698,14
7699,11
7700,132
7701,46
7702,23
7703,14
7704,13
7705,11
7706,35
7707,23
7708,20
7709,5
7710,31
7711,35
7712,17
7713,9
7714,53
7715,25
7716,6
7717,18
7718,12
7719,9
7720,23
7721,67
7722,34
7723,11
7724,8
7725,18
7726,13
7727,14
7728,12
7729,17
7730,39
7731,8
7732,8
7733,20
7734,20
7735,16
7736,13
7737,10
7738,12
7739,4
7740,20
7741,12
7742,12
7743,16
7744,12
7745,15
7746,19
7747,25
7748,16
7749,14
7750,57
7751,8
7752,11
7753,19
7754,9
7755,19
7756,11
7757,12
7758,10
7759,14
7760,19
7761,8
7762,10
7763,18
7764,21
7765,17
7766,17
7767,15
7768,15
7769,11
7770,37
7771,14
7772,15
7773,17
7774,11
7775,30
7776,27
7777,91
7778,34
7779,27
7780,19
7781,21
7782,12
7783,25
7784,12
7785,23
7786,11
7787,13
7788,17
7789,15
7790,35
7791,108
7792,18
7793,25
7794,9
7795,8
7796,17
7797,7
7798,14
7799,20
7800,208
7801,19
7802,8
7803,12
7804,13
7805,34
7806,14
7807,8
7808,12
7809,7
7810,20
7811,24
7812,23
7813,15
7814,9
7815,21
7816,22
7817,14
7818,11
7819,11
7820,18
7821,12
7822,7
7823,6
7824,11
7825,23
7826,19
7827,14
7828,15
7829,9
7830,14
7831,19
7832,11
7833,7
7834,14
7835,6
7836,15
7837,10
7838,11
7839,21
7840,26
7841,12
7842,10
7843,14
7844,16
7845,10
7846,5
7847,8
7848,7
7849,10
7850,30
7851,12
7852,18
7853,15
7854,18
7855,20
7856,4
7857,7
7858,6
7859,7
7860,21
7861,7
7862,10
7863,12
7864,16
7865,16
7866,22
7867,28
7868,18
7869,35
7870,42
7871,15
7872,17
7873,16
7874,21
7875,20
7876,5
7877,14
7878,36
7879,14
7880,20
7881,2
7882,16
7883,11
7884,9
7885,18
7886,11
7887,20
7888,31
7889,14
7890,51
7891,6
7892,11
7893,11
7894,10
7895,9
7896,17
7897,19
7898,14
7899,18
7900,120
7901,26
7902,11
7903,11
7904,11
7905,11
7906,12
7907,6
7908,16
7909,23
7910,27
7911,17
7912,8
7913,21
7914,12
7915,15
7916,20
7917,14
7918,23
7919,8
7920,31
7921,6
7922,9
7923,12
7924,19
7925,9
7926,15
7927,13
7928,10
7929,20
7930,23
7931,8
7932,8
7933,11
7934,5
7935,39
7936,13
7937,7
7938,13
7939,9
7940,15
7941,12
7942,17
7943,3
7944,7
7945,10
7946,8
7947,10
7948,15
7949,16
7950,60
7951,10
7952,11
7953,8
7954,4
7955,30
7956,10
7957,10
7958,12
7959,6
7960,23
7961,20
7962,13
7963,15
7964,11
7965,10
7966,12
7967,17
7968,17
7969,12
7970,58
7971,18
7972,10
7973,25
7974,19
7975,13
7976,10
7977,22
7978,7
7979,10
7980,19
7981,12
7982,6
7983,21
7984,16
7985,12
7986,7
7987,8
7988,12
7989,16
7990,17
7991,11
7992,13
7993,8
7994,15
7995,16
7996,11
7997,11
7998,15
7999,24
8000,2375
8001,156
8002,45
8003,38
8004,37
8005,25
8006,24
8007,18
8008,54
8009,23
8010,59
8011,29
8012,19
8013,15
8014,17
8015,12
8016,20
8017,12
8018,13
8019,17
8020,76
8021,25
8022,27
8023,15
8024,17
8025,17
8026,16
8027,8
8028,19
8029,12
8030,12
8031,20
8032,26
8033,24
8034,16
8035,13
8036,20
8037,8
8038,39
8039,11
8040,34
8041,23
8042,19
8043,16
8044,29
8045,38
8046,11
8047,103
8048,19
8049,17
8050,38
8051,63
8052,13
8053,23
8054,22
8055,14
8056,7
8057,17
8058,18
8059,8
8060,33
8061,10
8062,7
8063,10
8064,9
8065,17
8066,18
8067,11
8068,9
8069,14
8070,29
8071,11
8072,11
8073,5
8074,9
8075,23
8076,10
8077,15
8078,20
8079,24
8080,2222
8081,207
8082,98
8083,133
8084,23
8085,44
8086,118
8087,28
8088,64
8089,19
8090,97
8091,32
8092,12
8093,15
8094,15
8095,15
8096,14
8097,8
8098,9
8099,14
8100,183
8101,45
8102,16
8103,17
8104,10
8105,22
8106,5
8107,7
8108,15
8109,18
8110,31
8111,150
8112,26
8113,14
8114,11
8115,15
8116,11
8117,9
8118,32
8119,14
8120,32
8121,18
8122,18
8123,26
8124,14
8125,124
8126,11
8127,19
8128,25
8129,9
8130,34
8131,12
8132,21
8133,8
8134,11
8135,31
8136,8
8137,16
8138,19
8139,16
8140,15
8141,6
8142,7
8143,7
8144,12
8145,13
8146,5
8147,7
8148,12
8149,10
8150,35
8151,15
8152,6
8153,8
8154,9
8155,12
8156,13
8157,5
8158,5
8159,10
8160,26
8161,8
8162,20
8163,10
8164,9
8165,17
8166,20
8167,16
8168,19
8169,11
8170,19
8171,15
8172,15
8173,17
8174,13
8175,6
8176,16
8177,7
8178,11
8179,13
8180,29
8181,42
8182,15
8183,19
8184,11
8185,9
8186,14
8187,5
8188,17
8189,9
8190,24
8191,65
8192,338
8193,31
8194,19
8195,25
8196,24
8197,16
8198,11
8199,18
8200,164
8201,29
8202,17
8203,282
8204,15
8205,9
8206,21
8207,18
8208,18
8209,14
8210,34
8211,132
8212,131
8213,15
8214,14
8215,24
8216,57
8217,790
8218,17
8219,14
8220,267
8221,383
8222,43
8223,18
8224,14
8225,17
8226,50
8227,11
8228,25
8229,14
8230,116
8231,14
8232,30
8233,19
8234,8
8235,11
8236,17
8237,16
8238,14
8239,17
8240,20
8241,11
8242,8
8243,15
8244,8
8245,15
8246,11
8247,23
8248,29
8249,10
8250,70
8251,13
8252,12
8253,12
8254,15
8255,74
8256,20
8257,19
8258,10
8259,17
8260,22
8261,9
8262,8
8263,16
8264,11
8265,19
8266,26
8267,21
8268,7
8269,6
8270,13
8271,20
8272,16
8273,8
8274,12
8275,11
8276,10
8277,14
8278,7
8279,9
8280,119
8281,13
8282,13
8283,23
8284,10
8285,10
8286,15
8287,16
8288,17
8289,9
8290,17
8291,58
8292,11
8293,8
8294,9
8295,9
8296,9
8297,8
8298,13
8299,10
8300,135
8301,42
8302,22
8303,15
8304,10
8305,11
8306,14
8307,10
8308,16
8309,17
8310,38
8311,18
8312,17
8313,20
8314,14
8315,9
8316,16
8317,10
8318,7
8319,11
8320,23
8321,15
8322,27
8323,12
8324,12
8325,13
8326,12
8327,6
8328,10
8329,11
8330,27
8331,27
8332,33
8333,37
8334,9
8335,10
8336,15
8337,13
8338,22
8339,13
8340,7
8341,6
8342,7
8343,22
8344,17
8345,24
8346,8
8347,6
8348,5
8349,6
8350,58
8351,6
8352,12
8353,8
8354,30
8355,6
8356,12
8357,12
8358,13
8359,9
8360,13
8361,14
8362,17
8363,22
8364,20
8365,13
8366,5
8367,8
8368,13
8369,11
8370,16
8371,8
8372,10
8373,15
8374,10
8375,11
8376,21
8377,22
8378,15
8379,10
8380,11
8381,14
8382,7
8383,28
8384,8
8385,12
8386,12
8387,21
8388,13
8389,9
8390,17
8391,12
8392,12
8393,13
8394,9
8395,10
8396,10
8397,14
8398,30
8399,20
8400,154
8401,31
8402,15
8403,9
8404,11
8405,11
8406,12
8407,8
8408,9
8409,11
8410,10
8411,27
8412,8
8413,11
8414,15
8415,24
8416,13
8417,22
8418,18
8419,16
8420,22
8421,14
8422,17
8423,12
8424,7
8425,9
8426,12
8427,15
8428,12
8429,11
8430,11
8431,15
8432,20
8433,15
8434,8
8435,16
8436,12
8437,8
8438,10
8439,12
8440,9
8441,17
8442,24
8443,132
8444,28
8445,9
8446,14
8447,14
8448,13
8449,8
8450,32
8451,9
8452,15
8453,26
8454,21
8455,7
8456,13
8457,54
8458,10
8459,17
8460,13
8461,15
8462,9
8463,12
8464,7
8465,15
8466,12
8467,10
8468,14
8469,15
8470,19
8471,15
8472,34
8473,17
8474,14
8475,11
8476,8
8477,100
8478,27
8479,13
8480,19
8481,12
8482,30
8483,20
8484,26
8485,19
8486,10
8487,6
8488,27
8489,11
8490,8
8491,8
8492,16
8493,11
8494,13
8495,8
8496,16
8497,7
8498,10
8499,14
8500,307
8501,43
8502,23
8503,4
8504,23
8505,8
8506,9
8507,7
8508,13
8509,9
8510,19
8511,18
8512,20
8513,11
8514,10
8515,14
8516,8
8517,19
8518,14
8519,9
8520,40
8521,11
8522,7
8523,9
8524,14
8525,19
8526,12
8527,21
8528,10
8529,13
8530,38
8531,13
8532,15
8533,9
8534,13
8535,6
8536,11
8537,8
8538,6
8539,16
8540,24
8541,16
8542,17
8543,12
8544,24
8545,43
8546,9
8547,12
8548,3
8549,17
8550,29
8551,10
8552,14
8553,24
8554,12
8555,17
8556,25
8557,12
8558,15
8559,10
8560,26
8561,9
8562,18
8563,7
8564,16
8565,14
8566,21
8567,10
8568,12
8569,10
8570,22
8571,15
8572,7
8573,15
8574,18
8575,16
8576,10
8577,28
8578,14
8579,15
8580,19
8581,15
8582,8
8583,17
8584,7
8585,27
8586,14
8587,12
8588,12
8589,8
8590,19
8591,8
8592,16
8593,11
8594,33
8595,9
8596,8
8597,10
8598,11
8599,14
8600,264
8601,201
8602,21
8603,12
8604,21
8605,25
8606,30
8607,14
8608,14
8609,15
8610,24
8611,16
8612,11
8613,17
8614,14
8615,17
8616,24
8617,28
8618,147
8619,12
8620,14
8621,17
8622,17
8623,21
8624,18
8625,24
8626,8
8627,10
8628,13
8629,14
8630,13
8631,15
8632,14
8633,15
8634,8
8635,9
8636,11
8637,12
8638,16
8639,14
8640,28
8641,18
8642,10
8643,16
8644,31
8645,12
8646,6
8647,6
8648,16
8649,13
8650,15
8651,10
8652,10
8653,6
8654,8
8655,17
8656,16
8657,31
8658,14
8659,10
8660,14
8661,10
8662,11
8663,7
8664,20
8665,23
8666,12
8667,18
8668,10
8669,17
8670,22
8671,19
8672,8
8673,20
8674,18
8675,11
8676,9
8677,10
8678,9
8679,9
8680,9
8681,17
8682,15
8683,16
8684,17
8685,8
8686,18
8687,13
8688,24
8689,15
8690,11
8691,9
8692,14
8693,7
8694,10
8695,5
8696,17
8697,14
8698,8
8699,10
8700,94
8701,16
8702,10
8703,8
8704,15
8705,16
8706,15
8707,23
8708,12
8709,7
8710,21
8711,16
8712,17
8713,9
8714,9
8715,10
8716,3
8717,14
8718,10
8719,8
8720,7
8721,13
8722,13
8723,18
8724,23
8725,9
8726,10
8727,17
8728,8
8729,8
8730,14
8731,3
8732,13
8733,14
8734,11
8735,7
8736,10
8737,14
8738,13
8739,11
8740,19
8741,5
8742,22
8743,6
8744,7
8745,11
8746,23
8747,17
8748,15
8749,7
8750,24
8751,31
8752,5
8753,13
8754,5
8755,8
8756,3
8757,11
8758,8
8759,6
8760,24
8761,14
8762,15
8763,14
8764,16
8765,16
8766,7
8767,17
8768,8
8769,5
8770,15
8771,11
8772,11
8773,9
8774,9
8775,17
8776,15
8777,25
8778,7
8779,13
8780,14
8781,11
8782,4
8783,12
8784,7
8785,11
8786,9
8787,27
8788,16
8789,26
8790,14
8791,10
8792,9
8793,8
8794,10
8795,8
8796,13
8797,18
8798,11
8799,21
8800,181
8801,29
8802,27
8803,18
8804,15
8805,11
8806,8
8807,12
8808,30
8809,10
8810,20
8811,16
8812,12
8813,8
8814,15
8815,11
8816,8
8817,22
8818,9
8819,13
8820,24
8821,12
8822,24
8823,7
8824,9
8825,14
8826,7
8827,4
8828,14
8829,8
8830,10
8831,14
8832,24
8833,14
8834,15
8835,12
8836,12
8837,8
8838,8
8839,15
8840,12
8841,8
8842,4
8843,8
8844,8
8845,14
8846,14
8847,5
8848,31
8849,8
8850,22
8851,6
8852,13
8853,16
8854,22
8855,16
8856,9
8857,7
8858,12
8859,375
8860,20
8861,9
8862,16
8863,11
8864,14
8865,13
8866,13
8867,14
8868,18
8869,20
8870,7
8871,6
8872,9
8873,20
8874,8
8875,9
8876,17
8877,21
8878,11
8879,17
8880,34
8881,24
8882,14
8883,42
8884,14
8885,21
8886,8
8887,21
8888,315
8889,30
8890,16
8891,19
8892,11
8893,17
8894,7
8895,18
8896,4
8897,19
8898,19
8899,22
8900,117
8901,32
8902,12
8903,4
8904,7
8905,6
8906,8
8907,4
8908,8
8909,7
8910,18
8911,23
8912,10
8913,8
8914,15
8915,5
8916,14
8917,14
8918,11
8919,12
8920,7
8921,9
8922,8
8923,7
8924,13
8925,11
8926,13
8927,6
8928,10
8929,11
8930,14
8931,26
8932,3
8933,7
8934,4
8935,13
8936,11
8937,6
8938,22
8939,10
8940,16
8941,10
8942,9
8943,7
8944,20
8945,7
8946,8
8947,5
8948,5
8949,12
8950,28
8951,9
8952,7
8953,9
8954,11
8955,13
8956,8
8957,6
8958,12
8959,8
8960,9
8961,9
8962,13
8963,4
8964,9
8965,6
8966,13
8967,10
8968,14
8969,21
8970,14
8971,18
8972,20
8973,23
8974,18
8975,26
8976,24
8977,14
8978,15
8979,11
8980,10
8981,16
8982,10
8983,27
8984,17
8985,10
8986,8
8987,19
8988,15
8989,16
8990,13
8991,7
8992,9
8993,19
8994,9
8995,17
8996,6
8997,7
8998,12
8999,13
9000,1362
9001,782
9002,49
9003,31
9004,34
9005,22
9006,25
9007,31
9008,11
9009,33
9010,75
9011,17
9012,11
9013,8
9014,25
9015,19
9016,12
9017,8
9018,13
9019,6
9020,20
9021,7
9022,16
9023,10
9024,14
9025,16
9026,15
9027,10
9028,6
9029,14
9030,11
9031,21
9032,13
9033,14
9034,11
9035,25
9036,14
9037,5
9038,9
9039,11
9040,24
9041,8
9042,33
9043,4
9044,12
9045,28
9046,15
9047,3
9048,9
9049,3
9050,30
9051,11
9052,8
9053,12
9054,12
9055,11
9056,10
9057,12
9058,2
9059,9
9060,36
9061,4
9062,8
9063,9
9064,15
9065,14
9066,48
9067,9
9068,10
9069,6
9070,18
9071,4
9072,6
9073,6
9074,8
9075,26
9076,11
9077,14
9078,7
9079,5
9080,43
9081,20
9082,16
9083,9
9084,9
9085,10
9086,12
9087,12
9088,18
9089,25
9090,181
9091,97
9092,141
9093,48
9094,16
9095,14
9096,11
9097,16
9098,9
9099,33
9100,128
9101,39
9102,15
9103,21
9104,18
9105,7
9106,8
9107,10
9108,12
9109,11
9110,18
9111,24
9112,6
9113,6
9114,12
9115,9
9116,10
9117,5
9118,10
9119,16
9120,23
9121,13
9122,16
9123,22
9124,4
9125,29
9126,23
9127,14
9128,21
9129,10
9130,15
9131,12
9132,14
9133,15
9134,5
9135,13
9136,11
9137,8
9138,6
9139,7
9140,14
9141,8
9142,24
9143,12
9144,10
9145,15
9146,10
9147,4
9148,16
9149,19
9150,27
9151,7
9152,10
9153,6
9154,13
9155,18
9156,10
9157,9
9158,10
9159,8
9160,25
9161,13
9162,7
9163,7
9164,21
9165,57
9166,6
9167,13
9168,9
9169,10
9170,12
9171,14
9172,4
9173,10
9174,10
9175,12
9176,7
9177,12
9178,12
9179,8
9180,20
9181,14
9182,12
9183,13
9184,12
9185,6
9186,9
9187,13
9188,8
9189,9
9190,16
9191,20
9192,34
9193,17
9194,5
9195,13
9196,5
9197,5
9198,5
9199,14
9200,336
9201,24
9202,13
9203,29
9204,10
9205,9
9206,16
9207,14
9208,11
9209,2
9210,15
9211,20
9212,25
9213,3
9214,7
9215,18
9216,23
9217,6
9218,16
9219,11
9220,20
9221,14
9222,30
9223,7
9224,7
9225,21
9226,8
9227,12
9228,7
9229,27
9230,11
9231,15
9232,12
9233,22
9234,9
9235,17
9236,7
9237,5
9238,10
9239,13
9240,16
9241,14
9242,20
9243,15
9244,12
9245,14
9246,12
9247,11
9248,11
9249,6
9250,25
9251,33
9252,10
9253,8
9254,8
9255,15
9256,6
9257,24
9258,15
9259,8
9260,14
9261,23
9262,9
9263,8
9264,8
9265,10
9266,13
9267,7
9268,12
9269,9
9270,11
9271,20
9272,9
9273,7
9274,6
9275,15
9276,11
9277,22
9278,12
9279,12
9280,11
9281,11
9282,18
9283,10
9284,7
9285,10
9286,17
9287,6
9288,18
9289,8
9290,30
9291,18
9292,23
9293,17
9294,15
9295,10
9296,13
9297,13
9298,10
9299,11
9300,164
9301,13
9302,11
9303,17
9304,17
9305,12
9306,21
9307,8
9308,12
9309,12
9310,17
9311,20
9312,14
9313,12
9314,8
9315,14
9316,8
9317,14
9318,8
9319,25
9320,18
9321,11
9322,12
9323,14
9324,12
9325,14
9326,16
9327,20
9328,22
9329,16
9330,36
9331,15
9332,13
9333,32
9334,8
9335,21
9336,16
9337,16
9338,13
9339,17
9340,8
9341,15
9342,5
9343,13
9344,16
9345,17
9346,8
9347,15
9348,9
9349,14
9350,31
9351,19
9352,13
9353,12
9354,14
9355,23
9356,12
9357,5
9358,10
9359,10
9360,39
9361,17
9362,24
9363,12
9364,17
9365,11
9366,19
9367,5
9368,9
9369,16
9370,22
9371,13
9372,12
9373,12
9374,14
9375,94
9376,7
9377,19
9378,14
9379,17
9380,26
9381,20
9382,18
9383,18
9384,20
9385,9
9386,14
9387,12
9388,16
9389,11
9390,8
9391,8
9392,7
9393,11
9394,9
9395,99
9396,5
9397,33
9398,8
9399,20
9400,88
9401,14
9402,7
9403,11
9404,10
9405,13
9406,8
9407,16
9408,18
9409,7
9410,63
9411,24
9412,15
9413,7
9414,9
9415,10
9416,15
9417,10
9418,14
9419,5
9420,17
9421,6
9422,15
9423,9
9424,8
9425,17
9426,10
9427,20
9428,6
9429,12
9430,11
9431,6
9432,4
9433,10
9434,12
9435,14
9436,6
9437,8
9438,6
9439,12
9440,19
9441,9
9442,10
9443,24
9444,16
9445,21
9446,7
9447,7
9448,8
9449,16
9450,16
9451,15
9452,11
9453,5
9454,11
9455,9
9456,8
9457,10
9458,9
9459,7
9460,18
9461,9
9462,17
9463,14
9464,23
9465,14
9466,17
9467,12
9468,12
9469,10
9470,9
9471,12
9472,19
9473,19
9474,17
9475,11
9476,11
9477,14
9478,6
9479,12
9480,15
9481,12
9482,6
9483,6
9484,11
9485,13
9486,4
9487,6
9488,10
9489,3
9490,9
9491,4
9492,11
9493,7
9494,14
9495,6
9496,9
9497,8
9498,11
9499,13
9500,222
9501,24
9502,8
9503,6
9504,14
9505,20
9506,7
9507,6
9508,10
9509,18
9510,18
9511,16
9512,3
9513,7
9514,6
9515,11
9516,19
9517,13
9518,7
9519,5
9520,14
9521,15
9522,11
9523,16
9524,12
9525,30
9526,8
9527,11
9528,12
9529,9
9530,18
9531,15
9532,11
9533,2
9534,3
9535,7
9536,18
9537,9
9538,21
9539,3
9540,14
9541,15
9542,12
9543,12
9544,5
9545,13
9546,7
9547,3
9548,5
9549,5
9550,31
9551,5
9552,8
9553,8
9554,8
9555,19
9556,4
9557,9
9558,10
9559,8
9560,23
9561,14
9562,10
9563,16
9564,3
9565,8
9566,12
9567,10
9568,10
9569,4
9570,12
9571,6
9572,8
9573,5
9574,6
9575,23
9576,8
9577,10
9578,16
9579,10
9580,17
9581,14
9582,9
9583,5
9584,8
9585,12
9586,2
9587,7
9588,5
9589,14
9590,17
9591,6
9592,7
9593,12
9594,2
9595,23
9596,12
9597,8
9598,11
9599,11
9600,258
9601,24
9602,17
9603,11
9604,12
9605,9
9606,30
9607,11
9608,7
9609,8
9610,18
9611,22
9612,8
9613,8
9614,15
9615,15
9616,5
9617,13
9618,10
9619,8
9620,15
9621,11
9622,22
9623,5
9624,12
9625,16
9626,12
9627,8
9628,4
9629,11
9630,23
9631,13
9632,14
9633,11
9634,5
9635,8
9636,7
9637,9
9638,4
9639,12
9640,15
9641,9
9642,20
9643,8
9644,13
9645,20
9646,9
9647,5
9648,9
9649,7
9650,26
9651,9
9652,8
9653,11
9654,16
9655,17
9656,6
9657,4
9658,8
9659,8
9660,18
9661,13
9662,76
9663,14
9664,9
9665,14
9666,14
9667,7
9668,16
9669,12
9670,113
9671,14
9672,9
9673,10
9674,14
9675,17
9676,11
9677,8
9678,12
9679,10
9680,18
9681,7
9682,12
9683,14
9684,7
9685,8
9686,9
9687,6
9688,23
9689,16
9690,14
9691,5
9692,10
9693,7
9694,12
9695,9
9696,18
9697,20
9698,18
9699,19
9700,94
9701,12
9702,47
9703,6
9704,7
9705,17
9706,18
9707,12
9708,12
9709,8
9710,18
9711,18
9712,15
9713,11
9714,11
9715,11
9716,10
9717,13
9718,17
9719,11
9720,15
9721,5
9722,8
9723,13
9724,9
9725,14
9726,13
9727,5
9728,14
9729,10
9730,7
9731,9
9732,8
9733,15
9734,9
9735,12
9736,11
9737,13
9738,5
9739,14
9740,16
9741,8
9742,10
9743,19
9744,7
9745,4
9746,14
9747,6
9748,11
9749,4
9750,23
9751,13
9752,12
9753,6
9754,8
9755,47
9756,10
9757,6
9758,13
9759,9
9760,15
9761,16
9762,13
9763,11
9764,12
9765,7
9766,21
9767,17
9768,12
9769,6
9770,9
9771,8
9772,12
9773,19
9774,7
9775,24
9776,13
9777,14
9778,21
9779,13
9780,30
9781,16
9782,10
9783,12
9784,11
9785,9
9786,8
9787,5
9788,9
9789,4
9790,8
9791,8
9792,6
9793,9
9794,8
9795,7
9796,27
9797,20
9798,8
9799,23
9800,129
9801,18
9802,16
9803,12
9804,6
9805,18
9806,9
9807,7
9808,7
9809,6
9810,31
9811,7
9812,5
9813,6
9814,32
9815,13
9816,6
9817,11
9818,10
9819,12
9820,24
9821,7
9822,16
9823,8
9824,12
9825,15
9826,4
9827,19
9828,7
9829,15
9830,22
9831,9
9832,11
9833,13
9834,5
9835,20
9836,11
9837,4
9838,10
9839,9
9840,23
9841,13
9842,11
9843,8
9844,10
9845,15
9846,12
9847,4
9848,17
9849,7
9850,34
9851,8
9852,9
9853,13
9854,9
9855,11
9856,15
9857,15
9858,6
9859,14
9860,14
9861,11
9862,8
9863,10
9864,3
9865,10
9866,21
9867,5
9868,4
9869,9
9870,15
9871,12
9872,12
9873,9
9874,10
9875,22
9876,43
9877,20
9878,22
9879,15
9880,18
9881,12
9882,11
9883,4
9884,6
9885,13
9886,6
9887,12
9888,20
9889,10
9890,12
9891,17
9892,7
9893,7
9894,4
9895,13
9896,9
9897,14
9898,30
9899,11
9900,188
9901,13
9902,15
9903,6
9904,14
9905,9
9906,18
9907,13
9908,16
9909,9
9910,27
9911,17
9912,13
9913,10
9914,8
9915,13
9916,8
9917,10
9918,8
9919,12
9920,19
9921,14
9922,18
9923,12
9924,7
9925,14
9926,8
9927,16
9928,20
9929,2
9930,22
9931,17
9932,8
9933,27
9934,7
9935,9
9936,16
9937,12
9938,6
9939,11
9940,14
9941,8
9942,21
9943,17
9944,24
9945,8
9946,12
9947,13
9948,15
9949,9
9950,23
9951,12
9952,8
9953,10
9954,21
9955,33
9956,21
9957,8
9958,14
9959,14
9960,22
9961,24
9962,8
9963,8
9964,9
9965,10
9966,24
9967,29
9968,10
9969,14
9970,16
9971,16
9972,12
9973,12
9974,21
9975,27
9976,11
9977,8
9978,19
9979,8
9980,22
9981,18
9982,11
9983,12
9984,31
9985,21
9986,16
9987,30
9988,25
9989,36
9990,43
9991,55
9992,19
9993,17
9994,16
9995,52
9996,24
9997,36
9998,54
9999,825
10000,3058
